user_id,baseline_engagement,discount_sensitivity,urgency_sensitivity,emotional_response_tendency,baseline_action_prob,true_p_no_ad,true_p_ad,true_incremental_impact,treatment,observed_action
USER_001,0.262,0.305,0.325,0.453,0.097,0.097,0.3689,0.2719,1,1
USER_002,0.308,0.383,0.09,0.392,0.182,0.182,0.3969,0.2149,0,1
USER_003,0.417,0.356,0.19,0.272,0.18,0.18,0.4428,0.2628,0,0
USER_004,0.321,0.38,0.077,0.345,0.186,0.186,0.4239,0.2379,0,0
USER_005,0.447,0.201,0.605,0.537,0.163,0.163,0.4679,0.3049,0,0
USER_006,0.531,0.151,0.125,0.572,0.231,0.231,0.4076,0.1766,0,0
USER_007,0.326,0.336,0.312,0.358,0.193,0.193,0.4695,0.2765,1,1
USER_008,0.164,0.613,0.301,0.354,0.122,0.122,0.4679,0.3459,1,1
USER_009,0.361,0.462,0.59,0.293,0.17,0.17,0.5639,0.3939,1,0
USER_010,0.561,0.535,0.054,0.316,0.208,0.208,0.4907,0.2827,0,1
USER_011,0.177,0.431,0.656,0.388,0.085,0.085,0.4868,0.4018,0,0
USER_012,0.349,0.515,0.51,0.629,0.2,0.2,0.6255,0.4255,0,0
USER_013,0.529,0.331,0.371,0.529,0.228,0.228,0.5525,0.3245,1,1
USER_014,0.237,0.338,0.39,0.42,0.132,0.132,0.4406,0.3086,1,0
USER_015,0.329,0.451,0.357,0.506,0.171,0.171,0.5163,0.3453,0,0
USER_016,0.246,0.754,0.129,0.669,0.11,0.11,0.4815,0.3715,1,1
USER_017,0.169,0.268,0.333,0.538,0.117,0.117,0.3753,0.2583,0,0
USER_018,0.164,0.342,0.444,0.653,0.099,0.099,0.4016,0.3026,0,0
USER_019,0.356,0.389,0.463,0.342,0.181,0.181,0.5309,0.3499,0,1
USER_020,0.336,0.821,0.283,0.19,0.156,0.156,0.5803,0.4243,0,0
USER_021,0.364,0.468,0.274,0.119,0.146,0.146,0.4402,0.2942,1,0
USER_022,0.178,0.45,0.241,0.322,0.104,0.104,0.3701,0.2661,1,1
USER_023,0.444,0.383,0.062,0.611,0.218,0.218,0.4897,0.2717,0,0
USER_024,0.13,0.044,0.411,0.525,0.103,0.103,0.2914,0.1884,1,0
USER_025,0.394,0.644,0.115,0.226,0.189,0.189,0.5084,0.3194,1,1
USER_026,0.33,0.211,0.176,0.259,0.183,0.183,0.3644,0.1814,1,1
USER_027,0.105,0.443,0.045,0.639,0.083,0.083,0.3261,0.2431,1,0
USER_028,0.428,0.218,0.134,0.469,0.201,0.201,0.4099,0.2089,0,0
USER_029,0.274,0.637,0.221,0.578,0.136,0.136,0.5074,0.3714,1,1
USER_030,0.662,0.559,0.102,0.868,0.301,0.301,0.6756,0.3746,0,0
USER_031,0.243,0.164,0.574,0.551,0.141,0.141,0.4648,0.3238,1,1
USER_032,0.593,0.313,0.052,0.404,0.246,0.246,0.4671,0.2211,0,0
USER_033,0.178,0.486,0.22,0.456,0.082,0.082,0.3672,0.2852,1,1
USER_034,0.076,0.067,0.123,0.491,0.099,0.099,0.198,0.099,0,0
USER_035,0.534,0.093,0.268,0.585,0.222,0.222,0.4478,0.2258,0,0
USER_036,0.053,0.404,0.369,0.55,0.07,0.07,0.3855,0.3155,1,1
USER_037,0.129,0.585,0.32,0.872,0.142,0.142,0.5203,0.3783,1,1
USER_038,0.479,0.445,0.44,0.409,0.234,0.234,0.5896,0.3556,0,0
USER_039,0.265,0.671,0.633,0.92,0.175,0.175,0.677,0.502,1,0
USER_040,0.307,0.454,0.055,0.557,0.147,0.147,0.4143,0.2673,1,0
USER_041,0.503,0.413,0.355,0.268,0.248,0.248,0.5851,0.3371,0,0
USER_042,0.452,0.637,0.639,0.284,0.209,0.209,0.6952,0.4862,1,0
USER_043,0.224,0.224,0.154,0.604,0.136,0.136,0.3249,0.1889,0,0
USER_044,0.057,0.577,0.215,0.367,0.11,0.11,0.4172,0.3072,1,0
USER_045,0.169,0.626,0.22,0.766,0.104,0.104,0.4692,0.3652,0,0
USER_046,0.189,0.42,0.305,0.309,0.117,0.117,0.404,0.287,0,0
USER_047,0.495,0.166,0.156,0.202,0.205,0.205,0.3972,0.1922,1,0
USER_048,0.594,0.055,0.351,0.29,0.276,0.276,0.4904,0.2144,1,1
USER_049,0.097,0.31,0.287,0.742,0.073,0.073,0.345,0.272,1,0
USER_050,0.253,0.366,0.483,0.24,0.159,0.159,0.4757,0.3167,1,1
USER_051,0.593,0.434,0.318,0.644,0.225,0.225,0.5895,0.3645,1,1
USER_052,0.234,0.416,0.673,0.696,0.143,0.143,0.5691,0.4261,1,1
USER_053,0.427,0.32,0.168,0.801,0.187,0.187,0.4377,0.2507,1,0
USER_054,0.403,0.299,0.599,0.691,0.205,0.205,0.5734,0.3684,0,0
USER_055,0.39,0.227,0.1,0.445,0.186,0.186,0.3703,0.1843,0,0
USER_056,0.235,0.185,0.19,0.594,0.122,0.122,0.308,0.186,0,0
USER_057,0.132,0.506,0.391,0.669,0.089,0.089,0.4423,0.3533,1,1
USER_058,0.301,0.65,0.17,0.729,0.138,0.138,0.53,0.392,0,0
USER_059,0.425,0.262,0.374,0.202,0.216,0.216,0.4681,0.2521,0,0
USER_060,0.059,0.594,0.207,0.259,0.05,0.05,0.3644,0.3144,1,1
USER_061,0.711,0.355,0.111,0.423,0.294,0.294,0.541,0.247,0,0
USER_062,0.026,0.635,0.313,0.444,0.066,0.066,0.4142,0.3482,0,0
USER_063,0.044,0.626,0.096,0.788,0.098,0.098,0.4178,0.3198,1,0
USER_064,0.123,0.49,0.256,0.535,0.093,0.093,0.4058,0.3128,1,0
USER_065,0.211,0.21,0.225,0.52,0.119,0.119,0.3356,0.2166,0,0
USER_066,0.288,0.211,0.575,0.563,0.156,0.156,0.482,0.326,0,0
USER_067,0.276,0.418,0.301,0.609,0.105,0.105,0.4129,0.3079,0,0
USER_068,0.305,0.243,0.571,0.529,0.133,0.133,0.4496,0.3166,1,1
USER_069,0.184,0.639,0.166,0.692,0.107,0.107,0.4692,0.3622,1,1
USER_070,0.624,0.362,0.634,0.34,0.254,0.254,0.6543,0.4003,0,0
USER_071,0.222,0.529,0.381,0.638,0.096,0.096,0.4471,0.3511,1,1
USER_072,0.271,0.514,0.19,0.169,0.162,0.162,0.4286,0.2666,0,0
USER_073,0.113,0.738,0.209,0.33,0.095,0.095,0.443,0.348,0,1
USER_074,0.264,0.342,0.329,0.899,0.145,0.145,0.4665,0.3215,1,0
USER_075,0.542,0.455,0.422,0.625,0.226,0.226,0.6174,0.3914,0,0
USER_076,0.579,0.506,0.149,0.783,0.254,0.254,0.6118,0.3578,0,0
USER_077,0.449,0.375,0.612,0.573,0.217,0.217,0.6103,0.3933,0,0
USER_078,0.311,0.409,0.133,0.564,0.154,0.154,0.4206,0.2666,1,0
USER_079,0.264,0.335,0.079,0.686,0.151,0.151,0.3877,0.2367,1,1
USER_080,0.455,0.533,0.176,0.465,0.193,0.193,0.5161,0.3231,1,1
USER_081,0.212,0.512,0.706,0.389,0.126,0.126,0.5674,0.4414,0,1
USER_082,0.402,0.527,0.243,0.316,0.213,0.213,0.5306,0.3176,0,0
USER_083,0.327,0.803,0.263,0.597,0.189,0.189,0.6254,0.4364,1,1
USER_084,0.331,0.537,0.458,0.175,0.192,0.192,0.5585,0.3665,0,0
USER_085,0.521,0.266,0.309,0.58,0.238,0.238,0.5066,0.2686,1,1
USER_086,0.1,0.418,0.553,0.784,0.086,0.086,0.4695,0.3835,1,0
USER_087,0.349,0.206,0.15,0.306,0.163,0.163,0.3392,0.1762,0,0
USER_088,0.65,0.343,0.57,0.506,0.241,0.241,0.635,0.394,1,1
USER_089,0.243,0.785,0.423,0.558,0.108,0.108,0.5829,0.4749,0,0
USER_090,0.332,0.551,0.011,0.305,0.163,0.163,0.4334,0.2704,0,0
USER_091,0.295,0.356,0.364,0.518,0.151,0.151,0.4652,0.3142,1,0
USER_092,0.229,0.806,0.23,0.61,0.158,0.158,0.5807,0.4227,1,1
USER_093,0.074,0.192,0.339,0.443,0.102,0.102,0.3063,0.2043,1,0
USER_094,0.117,0.435,0.139,0.629,0.077,0.077,0.3346,0.2576,1,0
USER_095,0.397,0.695,0.527,0.742,0.205,0.205,0.6746,0.4696,1,1
USER_096,0.843,0.663,0.616,0.285,0.336,0.336,0.8374,0.5014,1,1
USER_097,0.133,0.261,0.163,0.636,0.11,0.11,0.2969,0.1869,1,1
USER_098,0.158,0.3,0.403,0.479,0.122,0.122,0.3848,0.2628,0,1
USER_099,0.363,0.361,0.321,0.528,0.202,0.202,0.5102,0.3082,1,0
USER_100,0.344,0.383,0.205,0.294,0.16,0.16,0.4053,0.2453,1,0
USER_101,0.407,0.558,0.311,0.607,0.213,0.213,0.5861,0.3731,0,0
USER_102,0.362,0.287,0.317,0.417,0.139,0.139,0.4255,0.2865,0,0
USER_103,0.181,0.368,0.233,0.509,0.139,0.139,0.393,0.254,0,0
USER_104,0.332,0.362,0.55,0.454,0.166,0.166,0.5339,0.3679,0,0
USER_105,0.382,0.518,0.316,0.587,0.184,0.184,0.532,0.348,1,0
USER_106,0.592,0.382,0.442,0.779,0.216,0.216,0.5988,0.3828,0,1
USER_107,0.262,0.377,0.358,0.661,0.134,0.134,0.4365,0.3025,1,0
USER_108,0.28,0.723,0.177,0.667,0.175,0.175,0.5602,0.3852,1,0
USER_109,0.603,0.212,0.417,0.476,0.252,0.252,0.5633,0.3113,1,0
USER_110,0.143,0.281,0.284,0.492,0.114,0.114,0.3257,0.2117,0,0
USER_111,0.5,0.501,0.611,0.141,0.226,0.226,0.6501,0.4241,0,1
USER_112,0.201,0.251,0.456,0.48,0.142,0.142,0.4255,0.2835,1,0
USER_113,0.383,0.39,0.716,0.629,0.188,0.188,0.6096,0.4216,1,0
USER_114,0.335,0.551,0.63,0.786,0.148,0.148,0.5957,0.4477,0,0
USER_115,0.136,0.591,0.201,0.73,0.099,0.099,0.4398,0.3408,1,0
USER_116,0.206,0.44,0.18,0.173,0.154,0.154,0.3943,0.2403,0,0
USER_117,0.306,0.52,0.082,0.262,0.167,0.167,0.437,0.27,1,0
USER_118,0.13,0.327,0.186,0.481,0.093,0.093,0.3179,0.2249,0,0
USER_119,0.161,0.423,0.345,0.797,0.151,0.151,0.5033,0.3523,0,0
USER_120,0.374,0.526,0.323,0.206,0.204,0.204,0.5386,0.3346,1,0
USER_121,0.278,0.556,0.132,0.556,0.164,0.164,0.4599,0.2959,0,1
USER_122,0.265,0.526,0.335,0.495,0.149,0.149,0.5024,0.3534,0,0
USER_123,0.306,0.158,0.375,0.604,0.172,0.172,0.4208,0.2488,0,0
USER_124,0.242,0.509,0.307,0.581,0.15,0.15,0.5113,0.3613,0,0
USER_125,0.276,0.801,0.168,0.3,0.103,0.103,0.5034,0.4004,1,1
USER_126,0.271,0.578,0.542,0.355,0.153,0.153,0.5747,0.4217,0,0
USER_127,0.16,0.234,0.314,0.58,0.103,0.103,0.3627,0.2597,1,0
USER_128,0.59,0.732,0.268,0.488,0.246,0.246,0.6671,0.4211,1,1
USER_129,0.696,0.532,0.155,0.633,0.29,0.29,0.6403,0.3503,0,0
USER_130,0.075,0.667,0.755,0.464,0.045,0.045,0.5239,0.4789,0,0
USER_131,0.339,0.315,0.397,0.815,0.132,0.132,0.4515,0.3195,1,0
USER_132,0.556,0.746,0.181,0.502,0.27,0.27,0.6666,0.3966,1,0
USER_133,0.344,0.475,0.326,0.745,0.18,0.18,0.5467,0.3667,1,1
USER_134,0.479,0.526,0.384,0.354,0.169,0.169,0.5427,0.3737,1,1
USER_135,0.272,0.299,0.294,0.378,0.134,0.134,0.3643,0.2303,0,0
USER_136,0.1,0.394,0.404,0.596,0.103,0.103,0.4009,0.2979,0,0
USER_137,0.055,0.703,0.156,0.451,0.064,0.064,0.4062,0.3422,1,0
USER_138,0.354,0.647,0.225,0.532,0.199,0.199,0.5866,0.3876,0,0
USER_139,0.252,0.489,0.385,0.962,0.159,0.159,0.5731,0.4141,1,1
USER_140,0.316,0.441,0.575,0.644,0.133,0.133,0.5801,0.4471,1,1
USER_141,0.356,0.025,0.202,0.521,0.172,0.172,0.3289,0.1569,1,0
USER_142,0.14,0.327,0.389,0.604,0.09,0.09,0.3656,0.2756,0,0
USER_143,0.27,0.373,0.465,0.622,0.117,0.117,0.4278,0.3108,0,0
USER_144,0.448,0.38,0.379,0.609,0.178,0.178,0.5219,0.3439,0,0
USER_145,0.572,0.384,0.164,0.442,0.234,0.234,0.5051,0.2711,0,1
USER_146,0.308,0.348,0.803,0.398,0.145,0.145,0.5537,0.4087,1,0
USER_147,0.525,0.199,0.166,0.253,0.239,0.239,0.4302,0.1912,0,1
USER_148,0.185,0.707,0.331,0.339,0.136,0.136,0.5268,0.3908,0,0
USER_149,0.108,0.401,0.186,0.472,0.098,0.098,0.3614,0.2634,0,0
USER_150,0.055,0.29,0.287,0.525,0.084,0.084,0.3209,0.2369,0,0
USER_151,0.364,0.393,0.294,0.562,0.172,0.172,0.4781,0.3061,1,0
USER_152,0.188,0.329,0.141,0.725,0.128,0.128,0.3494,0.2214,0,0
USER_153,0.248,0.193,0.115,0.75,0.134,0.134,0.2994,0.1654,1,0
USER_154,0.141,0.189,0.222,0.92,0.091,0.091,0.3031,0.2121,0,0
USER_155,0.112,0.232,0.284,0.586,0.127,0.127,0.3502,0.2232,1,1
USER_156,0.134,0.345,0.506,0.256,0.05,0.05,0.3795,0.3295,0,0
USER_157,0.477,0.415,0.186,0.398,0.18,0.18,0.4687,0.2887,0,0
USER_158,0.197,0.553,0.263,0.602,0.126,0.126,0.4815,0.3555,1,1
USER_159,0.41,0.449,0.255,0.574,0.188,0.188,0.5037,0.3157,1,1
USER_160,0.072,0.373,0.32,0.21,0.046,0.046,0.2798,0.2338,1,0
USER_161,0.251,0.364,0.537,0.77,0.117,0.117,0.4707,0.3537,0,0
USER_162,0.208,0.439,0.412,0.473,0.104,0.104,0.4269,0.3229,0,0
USER_163,0.037,0.302,0.248,0.466,0.081,0.081,0.3347,0.2537,1,0
USER_164,0.186,0.401,0.484,0.617,0.139,0.139,0.4751,0.3361,0,0
USER_165,0.101,0.625,0.105,0.517,0.118,0.118,0.4365,0.3185,1,1
USER_166,0.385,0.513,0.234,0.492,0.153,0.153,0.4706,0.3176,1,0
USER_167,0.492,0.483,0.425,0.244,0.195,0.195,0.5757,0.3807,1,0
USER_168,0.705,0.346,0.394,0.628,0.268,0.268,0.635,0.367,1,0
USER_169,0.158,0.507,0.22,0.436,0.131,0.131,0.4252,0.2942,1,0
USER_170,0.094,0.668,0.22,0.523,0.091,0.091,0.4427,0.3517,0,0
USER_171,0.502,0.755,0.104,0.443,0.227,0.227,0.6062,0.3792,0,0
USER_172,0.211,0.569,0.296,0.325,0.129,0.129,0.4725,0.3435,1,1
USER_173,0.268,0.296,0.139,0.457,0.143,0.143,0.3501,0.2071,0,0
USER_174,0.536,0.522,0.176,0.797,0.215,0.215,0.5535,0.3385,0,0
USER_175,0.469,0.425,0.316,0.619,0.224,0.224,0.5461,0.3221,0,0
USER_176,0.247,0.838,0.701,0.571,0.133,0.133,0.6997,0.5667,1,0
USER_177,0.448,0.51,0.39,0.623,0.183,0.183,0.596,0.413,1,1
USER_178,0.097,0.278,0.332,0.423,0.096,0.096,0.3382,0.2422,1,1
USER_179,0.09,0.701,0.067,0.722,0.073,0.073,0.407,0.334,0,0
USER_180,0.167,0.548,0.249,0.651,0.113,0.113,0.4528,0.3398,0,1
USER_181,0.408,0.061,0.74,0.166,0.19,0.19,0.5007,0.3107,1,1
USER_182,0.45,0.55,0.276,0.896,0.225,0.225,0.6204,0.3954,0,0
USER_183,0.24,0.536,0.481,0.51,0.138,0.138,0.5246,0.3866,1,0
USER_184,0.043,0.778,0.316,0.238,0.048,0.048,0.4555,0.4075,1,1
USER_185,0.478,0.242,0.398,0.087,0.224,0.224,0.4925,0.2685,0,0
USER_186,0.3,0.434,0.478,0.275,0.162,0.162,0.5307,0.3687,0,0
USER_187,0.256,0.335,0.497,0.542,0.15,0.15,0.4837,0.3337,0,0
USER_188,0.048,0.201,0.033,0.4,0.087,0.087,0.1923,0.1053,1,0
USER_189,0.132,0.321,0.036,0.888,0.084,0.084,0.2745,0.1905,1,0
USER_190,0.602,0.646,0.245,0.724,0.274,0.274,0.7198,0.4458,0,1
USER_191,0.41,0.447,0.602,0.537,0.159,0.159,0.6002,0.4412,1,1
USER_192,0.67,0.765,0.408,0.438,0.282,0.282,0.7733,0.4913,0,0
USER_193,0.266,0.196,0.343,0.199,0.138,0.138,0.3484,0.2104,0,0
USER_194,0.365,0.617,0.222,0.566,0.207,0.207,0.5963,0.3893,1,1
USER_195,0.463,0.762,0.235,0.528,0.209,0.209,0.6219,0.4129,0,0
USER_196,0.517,0.314,0.128,0.526,0.243,0.243,0.4787,0.2357,0,0
USER_197,0.421,0.758,0.81,0.724,0.162,0.162,0.762,0.6,1,1
USER_198,0.301,0.385,0.223,0.315,0.148,0.148,0.4035,0.2555,0,0
USER_199,0.555,0.589,0.145,0.326,0.227,0.227,0.5664,0.3394,1,0
USER_200,0.426,0.647,0.236,0.121,0.249,0.249,0.6025,0.3535,0,0
USER_201,0.142,0.527,0.546,0.595,0.086,0.086,0.4942,0.4082,0,0
USER_202,0.038,0.191,0.494,0.505,0.065,0.065,0.3397,0.2747,0,0
USER_203,0.558,0.36,0.605,0.704,0.248,0.248,0.6632,0.4152,0,0
USER_204,0.226,0.435,0.217,0.775,0.097,0.097,0.4093,0.3123,0,0
USER_205,0.297,0.63,0.46,0.46,0.144,0.144,0.5357,0.3917,0,0
USER_206,0.232,0.226,0.257,0.662,0.139,0.139,0.3713,0.2323,1,0
USER_207,0.224,0.64,0.395,0.352,0.13,0.13,0.5096,0.3796,0,0
USER_208,0.386,0.813,0.102,0.625,0.139,0.139,0.5302,0.3912,0,0
USER_209,0.289,0.552,0.441,0.166,0.14,0.14,0.4945,0.3545,0,0
USER_210,0.192,0.079,0.763,0.828,0.138,0.138,0.4616,0.3236,0,0
USER_211,0.497,0.74,0.199,0.91,0.236,0.236,0.6931,0.4571,0,0
USER_212,0.198,0.339,0.108,0.49,0.144,0.144,0.3394,0.1954,1,0
USER_213,0.363,0.386,0.833,0.505,0.157,0.157,0.6076,0.4506,0,0
USER_214,0.535,0.745,0.486,0.283,0.263,0.263,0.7383,0.4753,1,1
USER_215,0.777,0.281,0.407,0.612,0.321,0.321,0.6648,0.3438,1,1
USER_216,0.164,0.147,0.636,0.594,0.139,0.139,0.4514,0.3124,0,0
USER_217,0.296,0.456,0.554,0.459,0.154,0.154,0.5493,0.3953,0,0
USER_218,0.146,0.855,0.224,0.697,0.06,0.06,0.5171,0.4571,0,0
USER_219,0.317,0.383,0.131,0.769,0.178,0.178,0.4458,0.2678,1,1
USER_220,0.176,0.525,0.551,0.509,0.103,0.103,0.4938,0.3908,0,1
USER_221,0.67,0.47,0.165,0.492,0.277,0.277,0.6015,0.3245,1,1
USER_222,0.294,0.497,0.172,0.836,0.124,0.124,0.4513,0.3273,1,1
USER_223,0.464,0.36,0.658,0.192,0.245,0.245,0.6287,0.3837,1,0
USER_224,0.078,0.402,0.164,0.617,0.067,0.067,0.2997,0.2327,1,0
USER_225,0.192,0.51,0.293,0.666,0.149,0.149,0.4885,0.3395,1,0
USER_226,0.306,0.128,0.638,0.667,0.149,0.149,0.4644,0.3154,0,0
USER_227,0.32,0.629,0.071,0.491,0.144,0.144,0.5015,0.3575,0,1
USER_228,0.329,0.5,0.654,0.589,0.192,0.192,0.6633,0.4713,0,0
USER_229,0.244,0.362,0.071,0.346,0.134,0.134,0.3288,0.1948,1,0
USER_230,0.139,0.157,0.235,0.619,0.097,0.097,0.2823,0.1853,1,0
USER_231,0.296,0.382,0.11,0.56,0.128,0.128,0.3526,0.2246,1,0
USER_232,0.537,0.135,0.29,0.512,0.229,0.229,0.4524,0.2234,0,0
USER_233,0.322,0.574,0.309,0.465,0.171,0.171,0.5401,0.3691,1,1
USER_234,0.282,0.736,0.121,0.565,0.123,0.123,0.5133,0.3903,0,0
USER_235,0.192,0.407,0.332,0.826,0.107,0.107,0.4206,0.3136,0,0
USER_236,0.485,0.559,0.138,0.829,0.211,0.211,0.5573,0.3463,1,0
USER_237,0.409,0.273,0.365,0.826,0.195,0.195,0.473,0.278,0,0
USER_238,0.333,0.317,0.163,0.46,0.196,0.196,0.4287,0.2327,0,0
USER_239,0.3,0.31,0.366,0.522,0.149,0.149,0.4226,0.2736,1,1
USER_240,0.052,0.392,0.104,0.255,0.054,0.054,0.2459,0.1919,0,0
USER_241,0.218,0.32,0.306,0.311,0.181,0.181,0.4201,0.2391,0,0
USER_242,0.165,0.415,0.154,0.506,0.099,0.099,0.3497,0.2507,0,0
USER_243,0.142,0.435,0.224,0.672,0.096,0.096,0.3576,0.2616,0,0
USER_244,0.176,0.668,0.375,0.35,0.104,0.104,0.4732,0.3692,1,1
USER_245,0.223,0.341,0.137,0.413,0.122,0.122,0.375,0.253,1,1
USER_246,0.09,0.808,0.038,0.576,0.083,0.083,0.4183,0.3353,0,0
USER_247,0.076,0.188,0.032,0.752,0.095,0.095,0.226,0.131,0,0
USER_248,0.285,0.65,0.316,0.697,0.158,0.158,0.5913,0.4333,0,0
USER_249,0.108,0.315,0.494,0.331,0.109,0.109,0.4444,0.3354,1,1
USER_250,0.254,0.4,0.556,0.566,0.16,0.16,0.5139,0.3539,1,1
USER_251,0.205,0.531,0.526,0.394,0.126,0.126,0.5117,0.3857,1,1
USER_252,0.313,0.764,0.218,0.433,0.167,0.167,0.5745,0.4075,0,1
USER_253,0.221,0.241,0.787,0.432,0.15,0.15,0.5421,0.3921,0,0
USER_254,0.313,0.228,0.605,0.489,0.137,0.137,0.4478,0.3108,0,0
USER_255,0.14,0.472,0.599,0.527,0.149,0.149,0.5387,0.3897,1,1
USER_256,0.132,0.445,0.178,0.572,0.086,0.086,0.3681,0.2821,0,1
USER_257,0.206,0.31,0.495,0.483,0.115,0.115,0.4335,0.3185,1,1
USER_258,0.669,0.106,0.353,0.494,0.26,0.26,0.5068,0.2468,1,0
USER_259,0.19,0.699,0.195,0.49,0.093,0.093,0.4552,0.3622,0,0
USER_260,0.257,0.516,0.649,0.237,0.159,0.159,0.5524,0.3934,0,0
USER_261,0.353,0.644,0.124,0.399,0.219,0.219,0.5519,0.3329,0,0
USER_262,0.11,0.783,0.13,0.527,0.077,0.077,0.4428,0.3658,0,0
USER_263,0.214,0.404,0.401,0.812,0.132,0.132,0.4793,0.3473,0,0
USER_264,0.252,0.613,0.186,0.25,0.143,0.143,0.4556,0.3126,1,0
USER_265,0.483,0.408,0.206,0.506,0.239,0.239,0.5444,0.3054,0,0
USER_266,0.297,0.434,0.212,0.704,0.198,0.198,0.5166,0.3186,0,1
USER_267,0.309,0.782,0.474,0.381,0.189,0.189,0.6663,0.4773,1,0
USER_268,0.292,0.421,0.705,0.373,0.147,0.147,0.5622,0.4152,1,1
USER_269,0.533,0.554,0.388,0.61,0.247,0.247,0.6602,0.4132,0,0
USER_270,0.351,0.411,0.343,0.599,0.185,0.185,0.5146,0.3296,1,1
USER_271,0.566,0.287,0.313,0.854,0.248,0.248,0.5569,0.3089,1,1
USER_272,0.281,0.713,0.309,0.523,0.127,0.127,0.5445,0.4175,1,1
USER_273,0.486,0.195,0.446,0.584,0.204,0.204,0.4985,0.2945,1,0
USER_274,0.465,0.191,0.081,0.404,0.236,0.236,0.4461,0.2101,0,0
USER_275,0.496,0.748,0.249,0.513,0.249,0.249,0.7035,0.4545,1,0
USER_276,0.231,0.209,0.138,0.136,0.127,0.127,0.2887,0.1617,0,1
USER_277,0.409,0.352,0.273,0.66,0.198,0.198,0.487,0.289,1,0
USER_278,0.297,0.448,0.377,0.432,0.178,0.178,0.4952,0.3172,1,0
USER_279,0.12,0.272,0.347,0.737,0.058,0.058,0.3431,0.2851,0,0
USER_280,0.266,0.684,0.655,0.383,0.134,0.134,0.6239,0.4899,0,0
USER_281,0.338,0.539,0.495,0.388,0.209,0.209,0.6156,0.4066,1,1
USER_282,0.142,0.318,0.041,0.668,0.106,0.106,0.2763,0.1703,1,0
USER_283,0.275,0.651,0.385,0.606,0.124,0.124,0.5553,0.4313,0,0
USER_284,0.566,0.549,0.582,0.758,0.25,0.25,0.7352,0.4852,1,1
USER_285,0.15,0.615,0.441,0.463,0.123,0.123,0.5026,0.3796,1,0
USER_286,0.482,0.508,0.574,0.694,0.168,0.168,0.6091,0.4411,0,0
USER_287,0.626,0.092,0.424,0.409,0.273,0.273,0.5332,0.2602,0,0
USER_288,0.156,0.272,0.545,0.839,0.097,0.097,0.4308,0.3338,0,0
USER_289,0.155,0.38,0.376,0.726,0.071,0.071,0.3825,0.3115,1,0
USER_290,0.51,0.45,0.359,0.465,0.23,0.23,0.5835,0.3535,0,0
USER_291,0.186,0.266,0.423,0.532,0.112,0.112,0.3864,0.2744,1,1
USER_292,0.109,0.647,0.221,0.429,0.088,0.088,0.4303,0.3423,0,0
USER_293,0.126,0.509,0.176,0.28,0.087,0.087,0.3794,0.2924,1,0
USER_294,0.602,0.188,0.35,0.636,0.24,0.24,0.4849,0.2449,0,0
USER_295,0.082,0.902,0.235,0.418,0.05,0.05,0.4757,0.4257,0,0
USER_296,0.07,0.36,0.538,0.554,0.061,0.061,0.3955,0.3345,1,0
USER_297,0.269,0.488,0.676,0.348,0.161,0.161,0.5865,0.4255,0,0
USER_298,0.575,0.632,0.149,0.179,0.256,0.256,0.5975,0.3415,1,0
USER_299,0.36,0.46,0.051,0.566,0.175,0.175,0.4136,0.2386,1,0
USER_300,0.361,0.765,0.144,0.486,0.156,0.156,0.5524,0.3964,1,1
USER_301,0.691,0.501,0.232,0.482,0.284,0.284,0.6686,0.3846,1,0
USER_302,0.164,0.293,0.625,0.664,0.122,0.122,0.4495,0.3275,0,0
USER_303,0.344,0.512,0.557,0.611,0.18,0.18,0.6169,0.4369,1,1
USER_304,0.138,0.636,0.128,0.17,0.089,0.089,0.3789,0.2899,1,0
USER_305,0.279,0.218,0.475,0.29,0.095,0.095,0.3623,0.2673,0,0
USER_306,0.297,0.844,0.233,0.318,0.14,0.14,0.5486,0.4086,0,0
USER_307,0.353,0.467,0.237,0.167,0.164,0.164,0.4478,0.2838,1,0
USER_308,0.352,0.465,0.219,0.413,0.155,0.155,0.4754,0.3204,0,0
USER_309,0.159,0.083,0.332,0.657,0.097,0.097,0.3011,0.2041,1,0
USER_310,0.121,0.378,0.409,0.43,0.109,0.109,0.4341,0.3251,1,1
USER_311,0.133,0.543,0.326,0.377,0.096,0.096,0.445,0.349,1,0
USER_312,0.653,0.562,0.248,0.412,0.298,0.298,0.6798,0.3818,0,1
USER_313,0.199,0.381,0.793,0.536,0.09,0.09,0.5381,0.4481,0,0
USER_314,0.128,0.253,0.607,0.741,0.089,0.089,0.4288,0.3398,0,0
USER_315,0.483,0.509,0.545,0.465,0.18,0.18,0.6164,0.4364,0,0
USER_316,0.193,0.17,0.522,0.554,0.109,0.109,0.3788,0.2698,1,0
USER_317,0.204,0.689,0.307,0.723,0.1,0.1,0.511,0.411,1,0
USER_318,0.227,0.153,0.238,0.446,0.155,0.155,0.3305,0.1755,0,0
USER_319,0.327,0.679,0.626,0.817,0.173,0.173,0.7023,0.5293,0,0
USER_320,0.465,0.337,0.47,0.443,0.233,0.233,0.555,0.322,1,1
USER_321,0.168,0.652,0.062,0.236,0.1,0.1,0.4021,0.3021,0,0
USER_322,0.555,0.262,0.152,0.513,0.224,0.224,0.4619,0.2379,1,0
USER_323,0.383,0.21,0.591,0.308,0.163,0.163,0.4904,0.3274,0,0
USER_324,0.212,0.487,0.263,0.283,0.129,0.129,0.4364,0.3074,1,1
USER_325,0.501,0.596,0.541,0.612,0.262,0.262,0.7552,0.4932,0,0
USER_326,0.505,0.671,0.297,0.473,0.235,0.235,0.6613,0.4263,1,0
USER_327,0.371,0.411,0.466,0.868,0.172,0.172,0.5336,0.3616,0,0
USER_328,0.764,0.316,0.205,0.23,0.314,0.314,0.5891,0.2751,1,1
USER_329,0.522,0.244,0.417,0.292,0.232,0.232,0.5021,0.2701,0,1
USER_330,0.368,0.358,0.076,0.585,0.219,0.219,0.4496,0.2306,0,0
USER_331,0.517,0.107,0.528,0.241,0.256,0.256,0.5448,0.2888,1,0
USER_332,0.544,0.352,0.448,0.532,0.246,0.246,0.6094,0.3634,0,0
USER_333,0.052,0.651,0.514,0.283,0.07,0.07,0.4648,0.3948,0,0
USER_334,0.055,0.478,0.152,0.736,0.075,0.075,0.3383,0.2633,0,0
USER_335,0.117,0.511,0.426,0.418,0.101,0.101,0.4504,0.3494,0,0
USER_336,0.488,0.484,0.286,0.387,0.213,0.213,0.5335,0.3205,0,0
USER_337,0.216,0.493,0.18,0.436,0.109,0.109,0.3859,0.2769,1,0
USER_338,0.09,0.213,0.392,0.405,0.102,0.102,0.3382,0.2362,0,0
USER_339,0.184,0.398,0.157,0.231,0.115,0.115,0.3614,0.2464,1,0
USER_340,0.337,0.597,0.29,0.368,0.187,0.187,0.5578,0.3708,1,1
USER_341,0.422,0.421,0.047,0.175,0.231,0.231,0.4251,0.1941,0,0
USER_342,0.177,0.205,0.542,0.257,0.122,0.122,0.3952,0.2732,1,1
USER_343,0.379,0.481,0.299,0.56,0.19,0.19,0.5332,0.3432,1,0
USER_344,0.385,0.606,0.258,0.435,0.249,0.249,0.6213,0.3723,1,1
USER_345,0.641,0.638,0.389,0.736,0.278,0.278,0.7651,0.4871,0,0
USER_346,0.325,0.7,0.527,0.241,0.142,0.142,0.5634,0.4214,0,0
USER_347,0.875,0.371,0.12,0.788,0.351,0.351,0.6667,0.3157,0,0
USER_348,0.251,0.46,0.452,0.46,0.169,0.169,0.5337,0.3647,1,1
USER_349,0.195,0.305,0.163,0.708,0.092,0.092,0.3024,0.2104,1,0
USER_350,0.459,0.445,0.379,0.473,0.196,0.196,0.572,0.376,1,1
USER_351,0.587,0.815,0.152,0.737,0.278,0.278,0.7373,0.4593,0,1
USER_352,0.108,0.634,0.076,0.65,0.082,0.082,0.4062,0.3242,1,1
USER_353,0.162,0.754,0.154,0.437,0.104,0.104,0.4607,0.3567,0,0
USER_354,0.334,0.204,0.188,0.435,0.188,0.188,0.401,0.213,1,1
USER_355,0.472,0.227,0.432,0.168,0.201,0.201,0.4885,0.2875,0,0
USER_356,0.108,0.592,0.238,0.567,0.058,0.058,0.3969,0.3389,1,0
USER_357,0.312,0.623,0.493,0.361,0.131,0.131,0.558,0.427,1,0
USER_358,0.621,0.67,0.251,0.661,0.279,0.279,0.7116,0.4326,0,0
USER_359,0.35,0.816,0.222,0.77,0.178,0.178,0.6153,0.4373,0,0
USER_360,0.309,0.42,0.558,0.555,0.144,0.144,0.526,0.382,1,0
USER_361,0.73,0.324,0.095,0.236,0.282,0.282,0.5251,0.2431,0,1
USER_362,0.419,0.365,0.319,0.35,0.191,0.191,0.4929,0.3019,1,0
USER_363,0.473,0.839,0.166,0.486,0.238,0.238,0.6885,0.4505,1,1
USER_364,0.594,0.668,0.353,0.687,0.241,0.241,0.68,0.439,1,1
USER_365,0.415,0.78,0.533,0.493,0.182,0.182,0.6902,0.5082,0,0
USER_366,0.259,0.119,0.376,0.614,0.117,0.117,0.367,0.25,0,0
USER_367,0.432,0.709,0.245,0.326,0.194,0.194,0.5785,0.3845,0,0
USER_368,0.354,0.216,0.094,0.325,0.181,0.181,0.3419,0.1609,1,1
USER_369,0.233,0.564,0.311,0.703,0.174,0.174,0.5461,0.3721,0,1
USER_370,0.774,0.496,0.525,0.434,0.325,0.325,0.7807,0.4557,0,1
USER_371,0.443,0.222,0.278,0.557,0.204,0.204,0.4567,0.2527,0,0
USER_372,0.479,0.56,0.277,0.712,0.235,0.235,0.6405,0.4055,1,1
USER_373,0.439,0.347,0.298,0.393,0.218,0.218,0.5202,0.3022,0,0
USER_374,0.09,0.332,0.579,0.374,0.07,0.07,0.405,0.335,1,0
USER_375,0.412,0.328,0.094,0.309,0.24,0.24,0.4658,0.2258,1,1
USER_376,0.214,0.277,0.489,0.474,0.125,0.125,0.4589,0.3339,1,1
USER_377,0.156,0.561,0.64,0.373,0.109,0.109,0.5322,0.4232,1,0
USER_378,0.288,0.554,0.733,0.66,0.162,0.162,0.6165,0.4545,1,1
USER_379,0.266,0.432,0.379,0.552,0.15,0.15,0.5083,0.3583,1,0
USER_380,0.66,0.252,0.197,0.599,0.312,0.312,0.5723,0.2603,0,0
USER_381,0.208,0.366,0.536,0.489,0.111,0.111,0.4561,0.3451,1,0
USER_382,0.175,0.684,0.241,0.24,0.127,0.127,0.4985,0.3715,1,0
USER_383,0.208,0.375,0.023,0.642,0.126,0.126,0.3186,0.1926,1,0
USER_384,0.487,0.54,0.37,0.569,0.24,0.24,0.6159,0.3759,1,1
USER_385,0.081,0.406,0.275,0.411,0.074,0.074,0.3163,0.2423,1,1
USER_386,0.432,0.25,0.712,0.562,0.194,0.194,0.563,0.369,1,1
USER_387,0.335,0.401,0.152,0.317,0.182,0.182,0.4399,0.2579,0,0
USER_388,0.439,0.256,0.188,0.636,0.211,0.211,0.4638,0.2528,0,0
USER_389,0.291,0.416,0.717,0.787,0.136,0.136,0.5816,0.4456,0,0
USER_390,0.426,0.572,0.282,0.489,0.226,0.226,0.574,0.348,0,1
USER_391,0.453,0.59,0.429,0.478,0.223,0.223,0.6064,0.3834,0,0
USER_392,0.178,0.619,0.567,0.37,0.111,0.111,0.5404,0.4294,0,0
USER_393,0.084,0.199,0.18,0.827,0.07,0.07,0.2613,0.1913,0,0
USER_394,0.442,0.331,0.399,0.356,0.212,0.212,0.5281,0.3161,1,0
USER_395,0.407,0.123,0.298,0.436,0.206,0.206,0.4272,0.2212,0,0
USER_396,0.338,0.656,0.336,0.496,0.136,0.136,0.5425,0.4065,1,0
USER_397,0.049,0.334,0.494,0.235,0.075,0.075,0.3715,0.2965,1,1
USER_398,0.376,0.457,0.317,0.502,0.195,0.195,0.5326,0.3376,0,0
USER_399,0.147,0.423,0.476,0.754,0.054,0.054,0.4216,0.3676,0,0
USER_400,0.46,0.533,0.407,0.251,0.215,0.215,0.5807,0.3657,0,0
USER_401,0.656,0.392,0.322,0.368,0.294,0.294,0.6246,0.3306,1,0
USER_402,0.473,0.603,0.223,0.412,0.227,0.227,0.5932,0.3662,0,0
USER_403,0.249,0.481,0.345,0.283,0.153,0.153,0.4859,0.3329,1,1
USER_404,0.249,0.376,0.316,0.304,0.13,0.13,0.4015,0.2715,1,0
USER_405,0.086,0.26,0.296,0.359,0.059,0.059,0.2846,0.2256,1,1
USER_406,0.197,0.441,0.441,0.711,0.083,0.083,0.4376,0.3546,0,1
USER_407,0.302,0.684,0.407,0.393,0.177,0.177,0.5976,0.4206,0,0
USER_408,0.564,0.331,0.313,0.346,0.261,0.261,0.5714,0.3104,0,0
USER_409,0.195,0.51,0.185,0.374,0.142,0.142,0.3996,0.2576,0,0
USER_410,0.465,0.142,0.316,0.853,0.198,0.198,0.4375,0.2395,0,0
USER_411,0.422,0.478,0.559,0.617,0.214,0.214,0.6132,0.3992,1,1
USER_412,0.09,0.308,0.401,0.575,0.051,0.051,0.2956,0.2446,1,0
USER_413,0.31,0.826,0.533,0.75,0.141,0.141,0.6644,0.5234,1,1
USER_414,0.399,0.166,0.782,0.416,0.192,0.192,0.5599,0.3679,1,0
USER_415,0.274,0.657,0.314,0.47,0.159,0.159,0.5446,0.3856,0,0
USER_416,0.64,0.147,0.401,0.136,0.308,0.308,0.5617,0.2537,1,0
USER_417,0.445,0.56,0.26,0.582,0.201,0.201,0.5851,0.3841,1,0
USER_418,0.34,0.561,0.734,0.478,0.152,0.152,0.6516,0.4996,1,1
USER_419,0.332,0.439,0.767,0.598,0.148,0.148,0.6009,0.4529,1,0
USER_420,0.536,0.517,0.286,0.249,0.224,0.224,0.5898,0.3658,0,0
USER_421,0.108,0.172,0.197,0.804,0.132,0.132,0.3279,0.1959,0,0
USER_422,0.235,0.431,0.229,0.805,0.147,0.147,0.4421,0.2951,0,0
USER_423,0.32,0.161,0.381,0.355,0.184,0.184,0.4066,0.2226,0,0
USER_424,0.317,0.331,0.277,0.239,0.156,0.156,0.3874,0.2314,1,0
USER_425,0.168,0.333,0.415,0.402,0.109,0.109,0.3837,0.2747,0,0
USER_426,0.375,0.596,0.279,0.773,0.195,0.195,0.5815,0.3865,1,0
USER_427,0.011,0.339,0.316,0.726,0.044,0.044,0.3256,0.2816,1,1
USER_428,0.345,0.197,0.479,0.769,0.165,0.165,0.4947,0.3297,0,0
USER_429,0.029,0.373,0.462,0.74,0.047,0.047,0.3508,0.3038,0,0
USER_430,0.366,0.758,0.429,0.254,0.169,0.169,0.626,0.457,1,1
USER_431,0.196,0.329,0.706,0.244,0.12,0.12,0.4626,0.3426,1,1
USER_432,0.561,0.484,0.272,0.32,0.23,0.23,0.5751,0.3451,0,1
USER_433,0.202,0.764,0.322,0.676,0.126,0.126,0.5608,0.4348,0,0
USER_434,0.466,0.897,0.122,0.669,0.219,0.219,0.6477,0.4287,1,1
USER_435,0.454,0.694,0.342,0.592,0.205,0.205,0.6578,0.4528,0,0
USER_436,0.185,0.805,0.256,0.501,0.098,0.098,0.5073,0.4093,1,1
USER_437,0.148,0.494,0.153,0.187,0.104,0.104,0.3504,0.2464,0,0
USER_438,0.251,0.817,0.471,0.373,0.128,0.128,0.5915,0.4635,0,0
USER_439,0.241,0.293,0.38,0.571,0.135,0.135,0.4098,0.2748,0,0
USER_440,0.196,0.741,0.869,0.351,0.141,0.141,0.7023,0.5613,1,1
USER_441,0.388,0.283,0.663,0.361,0.161,0.161,0.5177,0.3567,1,1
USER_442,0.142,0.812,0.058,0.585,0.143,0.143,0.5157,0.3727,0,0
USER_443,0.189,0.481,0.438,0.569,0.115,0.115,0.481,0.366,1,0
USER_444,0.231,0.298,0.286,0.58,0.139,0.139,0.4189,0.2799,0,0
USER_445,0.509,0.198,0.069,0.539,0.213,0.213,0.4003,0.1873,0,1
USER_446,0.198,0.317,0.194,0.504,0.142,0.142,0.3521,0.2101,0,0
USER_447,0.421,0.614,0.284,0.781,0.195,0.195,0.6161,0.4211,0,0
USER_448,0.691,0.381,0.701,0.352,0.284,0.284,0.7154,0.4314,1,1
USER_449,0.447,0.222,0.278,0.506,0.195,0.195,0.4609,0.2659,0,0
USER_450,0.27,0.551,0.24,0.325,0.139,0.139,0.4662,0.3272,1,1
USER_451,0.308,0.822,0.066,0.175,0.166,0.166,0.5256,0.3596,0,0
USER_452,0.405,0.299,0.177,0.441,0.195,0.195,0.4393,0.2443,1,1
USER_453,0.562,0.568,0.285,0.963,0.246,0.246,0.6931,0.4471,0,1
USER_454,0.335,0.185,0.456,0.473,0.153,0.153,0.4549,0.3019,1,0
USER_455,0.465,0.443,0.11,0.417,0.198,0.198,0.4748,0.2768,0,0
USER_456,0.338,0.443,0.337,0.344,0.159,0.159,0.4806,0.3216,0,1
USER_457,0.247,0.38,0.476,0.803,0.146,0.146,0.5211,0.3751,1,1
USER_458,0.245,0.099,0.127,0.38,0.149,0.149,0.27,0.121,1,0
USER_459,0.342,0.582,0.438,0.83,0.186,0.186,0.6224,0.4364,1,0
USER_460,0.344,0.52,0.318,0.519,0.17,0.17,0.5239,0.3539,0,1
USER_461,0.483,0.601,0.283,0.183,0.227,0.227,0.5952,0.3682,1,1
USER_462,0.072,0.368,0.21,0.569,0.072,0.072,0.3051,0.2331,1,0
USER_463,0.365,0.532,0.214,0.269,0.143,0.143,0.433,0.29,1,0
USER_464,0.481,0.413,0.639,0.275,0.214,0.214,0.5851,0.3711,0,1
USER_465,0.64,0.686,0.383,0.693,0.267,0.267,0.725,0.458,1,1
USER_466,0.086,0.426,0.684,0.268,0.059,0.059,0.4281,0.3691,1,0
USER_467,0.247,0.771,0.414,0.486,0.125,0.125,0.5761,0.4511,1,0
USER_468,0.389,0.48,0.211,0.541,0.189,0.189,0.5353,0.3463,0,1
USER_469,0.277,0.354,0.52,0.473,0.124,0.124,0.4818,0.3578,0,0
USER_470,0.761,0.464,0.497,0.573,0.302,0.302,0.7205,0.4185,1,1
USER_471,0.493,0.312,0.64,0.545,0.254,0.254,0.6473,0.3933,1,1
USER_472,0.307,0.492,0.351,0.334,0.126,0.126,0.456,0.33,1,1
USER_473,0.472,0.351,0.614,0.404,0.212,0.212,0.5898,0.3778,0,1
USER_474,0.045,0.398,0.202,0.422,0.042,0.042,0.2851,0.2431,0,0
USER_475,0.499,0.579,0.154,0.43,0.21,0.21,0.5593,0.3493,1,0
USER_476,0.47,0.487,0.473,0.365,0.211,0.211,0.5937,0.3827,0,0
USER_477,0.113,0.495,0.226,0.674,0.07,0.07,0.3925,0.3225,0,0
USER_478,0.302,0.68,0.632,0.22,0.167,0.167,0.6202,0.4532,1,1
USER_479,0.648,0.364,0.113,0.797,0.304,0.304,0.6005,0.2965,1,1
USER_480,0.328,0.475,0.114,0.268,0.182,0.182,0.4833,0.3013,1,0
USER_481,0.186,0.409,0.254,0.57,0.136,0.136,0.4238,0.2878,0,0
USER_482,0.452,0.169,0.103,0.5,0.181,0.181,0.3851,0.2041,0,0
USER_483,0.321,0.265,0.357,0.738,0.157,0.157,0.4477,0.2907,1,0
USER_484,0.173,0.477,0.226,0.562,0.12,0.12,0.4273,0.3073,0,0
USER_485,0.617,0.692,0.101,0.567,0.283,0.283,0.6698,0.3868,0,0
USER_486,0.09,0.248,0.023,0.434,0.117,0.117,0.2588,0.1418,0,0
USER_487,0.554,0.119,0.213,0.359,0.265,0.265,0.4495,0.1845,1,1
USER_488,0.285,0.52,0.008,0.639,0.168,0.168,0.4457,0.2777,1,0
USER_489,0.151,0.855,0.187,0.773,0.155,0.155,0.5752,0.4202,1,0
USER_490,0.207,0.577,0.432,0.726,0.125,0.125,0.5408,0.4158,1,0
USER_491,0.373,0.269,0.444,0.44,0.175,0.175,0.4898,0.3148,0,0
USER_492,0.45,0.442,0.536,0.817,0.211,0.211,0.6366,0.4256,0,1
USER_493,0.455,0.315,0.302,0.642,0.191,0.191,0.4858,0.2948,0,1
USER_494,0.272,0.559,0.488,0.399,0.147,0.147,0.552,0.405,0,0
USER_495,0.221,0.695,0.108,0.641,0.093,0.093,0.4416,0.3486,0,0
USER_496,0.321,0.489,0.358,0.864,0.152,0.152,0.5431,0.3911,0,0
USER_497,0.078,0.849,0.454,0.748,0.075,0.075,0.5422,0.4672,0,0
USER_498,0.393,0.411,0.217,0.098,0.207,0.207,0.4649,0.2579,1,1
USER_499,0.129,0.653,0.471,0.115,0.117,0.117,0.4773,0.3603,1,0
USER_500,0.168,0.468,0.307,0.465,0.089,0.089,0.3767,0.2877,0,1
USER_501,0.61,0.382,0.291,0.396,0.305,0.305,0.6438,0.3388,0,0
USER_502,0.226,0.32,0.051,0.801,0.132,0.132,0.3641,0.2321,1,1
USER_503,0.269,0.135,0.491,0.533,0.149,0.149,0.3984,0.2494,1,0
USER_504,0.154,0.212,0.509,0.37,0.072,0.072,0.3172,0.2452,1,0
USER_505,0.173,0.627,0.273,0.489,0.098,0.098,0.4121,0.3141,0,0
USER_506,0.334,0.662,0.551,0.669,0.188,0.188,0.6577,0.4697,1,1
USER_507,0.257,0.363,0.173,0.451,0.143,0.143,0.4244,0.2814,0,0
USER_508,0.171,0.335,0.507,0.647,0.112,0.112,0.4507,0.3387,0,0
USER_509,0.408,0.459,0.235,0.43,0.198,0.198,0.5001,0.3021,0,0
USER_510,0.489,0.146,0.45,0.596,0.192,0.192,0.4801,0.2881,0,0
USER_511,0.115,0.17,0.17,0.58,0.088,0.088,0.2354,0.1474,0,0
USER_512,0.219,0.477,0.2,0.621,0.155,0.155,0.4512,0.2962,0,1
USER_513,0.672,0.537,0.086,0.162,0.307,0.307,0.6143,0.3073,1,1
USER_514,0.266,0.364,0.258,0.648,0.141,0.141,0.4239,0.2829,0,0
USER_515,0.079,0.408,0.716,0.322,0.109,0.109,0.5025,0.3935,0,0
USER_516,0.167,0.356,0.079,0.336,0.083,0.083,0.2869,0.2039,0,0
USER_517,0.411,0.282,0.063,0.415,0.175,0.175,0.3855,0.2105,0,0
USER_518,0.044,0.732,0.6,0.415,0.103,0.103,0.5587,0.4557,0,0
USER_519,0.589,0.202,0.535,0.597,0.268,0.268,0.6164,0.3484,0,1
USER_520,0.502,0.246,0.263,0.221,0.22,0.22,0.4831,0.2631,0,0
USER_521,0.458,0.811,0.071,0.837,0.209,0.209,0.6179,0.4089,1,0
USER_522,0.176,0.686,0.177,0.494,0.096,0.096,0.4362,0.3402,1,0
USER_523,0.297,0.353,0.223,0.692,0.159,0.159,0.4563,0.2973,0,0
USER_524,0.394,0.548,0.317,0.265,0.192,0.192,0.5398,0.3478,1,1
USER_525,0.2,0.401,0.344,0.23,0.12,0.12,0.4243,0.3043,1,0
USER_526,0.606,0.651,0.118,0.519,0.239,0.239,0.6057,0.3667,1,0
USER_527,0.26,0.33,0.567,0.937,0.146,0.146,0.5455,0.3995,1,0
USER_528,0.357,0.267,0.267,0.787,0.164,0.164,0.4386,0.2746,1,1
USER_529,0.266,0.398,0.197,0.858,0.123,0.123,0.4214,0.2984,1,0
USER_530,0.167,0.734,0.186,0.521,0.134,0.134,0.5312,0.3972,1,0
USER_531,0.559,0.187,0.083,0.174,0.289,0.289,0.4548,0.1658,0,0
USER_532,0.343,0.639,0.542,0.336,0.209,0.209,0.6389,0.4299,0,0
USER_533,0.151,0.409,0.113,0.35,0.116,0.116,0.3351,0.2191,0,0
USER_534,0.347,0.326,0.276,0.427,0.166,0.166,0.4413,0.2753,0,0
USER_535,0.74,0.728,0.509,0.613,0.308,0.308,0.8136,0.5056,0,1
USER_536,0.172,0.251,0.082,0.366,0.118,0.118,0.2931,0.1751,0,0
USER_537,0.373,0.593,0.279,0.447,0.172,0.172,0.5308,0.3588,1,0
USER_538,0.288,0.743,0.322,0.691,0.177,0.177,0.634,0.457,1,0
USER_539,0.459,0.551,0.267,0.701,0.17,0.17,0.5108,0.3408,1,0
USER_540,0.418,0.88,0.421,0.581,0.19,0.19,0.6991,0.5091,0,0
USER_541,0.249,0.258,0.178,0.763,0.153,0.153,0.3593,0.2063,0,0
USER_542,0.211,0.282,0.262,0.696,0.107,0.107,0.3488,0.2418,1,1
USER_543,0.3,0.572,0.478,0.746,0.15,0.15,0.5819,0.4319,1,0
USER_544,0.815,0.687,0.426,0.376,0.347,0.347,0.8271,0.4801,1,1
USER_545,0.066,0.781,0.262,0.597,0.104,0.104,0.5059,0.4019,1,0
USER_546,0.501,0.789,0.38,0.624,0.199,0.199,0.6866,0.4876,1,1
USER_547,0.131,0.574,0.125,0.495,0.068,0.068,0.3663,0.2983,0,0
USER_548,0.278,0.708,0.327,0.526,0.129,0.129,0.5297,0.4007,0,0
USER_549,0.196,0.191,0.316,0.739,0.088,0.088,0.3373,0.2493,0,0
USER_550,0.514,0.285,0.826,0.345,0.2,0.2,0.6275,0.4275,1,1
USER_551,0.301,0.191,0.096,0.434,0.136,0.136,0.3091,0.1731,1,0
USER_552,0.6,0.495,0.522,0.66,0.285,0.285,0.7329,0.4479,0,0
USER_553,0.361,0.521,0.436,0.557,0.17,0.17,0.5661,0.3961,1,1
USER_554,0.292,0.247,0.057,0.675,0.153,0.153,0.3762,0.2232,0,0
USER_555,0.12,0.575,0.32,0.298,0.073,0.073,0.4054,0.3324,0,0
USER_556,0.549,0.403,0.568,0.301,0.255,0.255,0.6388,0.3838,0,1
USER_557,0.163,0.462,0.347,0.61,0.144,0.144,0.4617,0.3177,0,1
USER_558,0.385,0.562,0.591,0.284,0.167,0.167,0.5829,0.4159,1,0
USER_559,0.665,0.479,0.415,0.436,0.317,0.317,0.6936,0.3766,0,0
USER_560,0.584,0.463,0.284,0.625,0.262,0.262,0.6073,0.3453,1,1
USER_561,0.401,0.182,0.028,0.57,0.191,0.191,0.3561,0.1651,1,1
USER_562,0.289,0.218,0.471,0.358,0.159,0.159,0.4371,0.2781,0,0
USER_563,0.239,0.159,0.429,0.553,0.141,0.141,0.3915,0.2505,0,0
USER_564,0.021,0.296,0.707,0.74,0.095,0.095,0.4477,0.3527,1,1
USER_565,0.299,0.682,0.618,0.504,0.165,0.165,0.666,0.501,0,1
USER_566,0.288,0.353,0.227,0.105,0.162,0.162,0.4077,0.2457,1,0
USER_567,0.471,0.403,0.475,0.562,0.206,0.206,0.577,0.371,0,0
USER_568,0.127,0.539,0.34,0.562,0.111,0.111,0.4478,0.3368,1,0
USER_569,0.406,0.445,0.215,0.629,0.173,0.173,0.4956,0.3226,1,1
USER_570,0.297,0.345,0.323,0.668,0.156,0.156,0.459,0.303,0,0
USER_571,0.245,0.525,0.371,0.599,0.193,0.193,0.537,0.344,0,0
USER_572,0.235,0.515,0.211,0.535,0.082,0.082,0.3934,0.3114,1,1
USER_573,0.252,0.623,0.452,0.287,0.143,0.143,0.5472,0.4042,0,0
USER_574,0.187,0.359,0.343,0.34,0.121,0.121,0.3824,0.2614,0,0
USER_575,0.393,0.466,0.621,0.48,0.183,0.183,0.607,0.424,0,0
USER_576,0.44,0.403,0.312,0.172,0.2,0.2,0.475,0.275,0,1
USER_577,0.111,0.301,0.113,0.67,0.091,0.091,0.3181,0.2271,1,1
USER_578,0.246,0.466,0.397,0.307,0.131,0.131,0.4808,0.3498,1,0
USER_579,0.081,0.561,0.431,0.333,0.083,0.083,0.4369,0.3539,0,0
USER_580,0.423,0.27,0.228,0.621,0.188,0.188,0.4515,0.2635,1,0
USER_581,0.385,0.601,0.34,0.319,0.225,0.225,0.5673,0.3423,0,0
USER_582,0.556,0.224,0.137,0.534,0.24,0.24,0.4476,0.2076,0,0
USER_583,0.783,0.524,0.256,0.713,0.335,0.335,0.7307,0.3957,1,0
USER_584,0.436,0.422,0.206,0.307,0.189,0.189,0.4566,0.2676,1,1
USER_585,0.441,0.698,0.283,0.403,0.223,0.223,0.6426,0.4196,0,1
USER_586,0.426,0.359,0.408,0.297,0.214,0.214,0.5594,0.3454,0,1
USER_587,0.207,0.341,0.687,0.68,0.131,0.131,0.5035,0.3725,1,0
USER_588,0.57,0.258,0.1,0.459,0.229,0.229,0.4391,0.2101,1,0
USER_589,0.522,0.504,0.754,0.365,0.218,0.218,0.6982,0.4802,0,1
USER_590,0.25,0.535,0.306,0.652,0.171,0.171,0.5509,0.3799,0,0
USER_591,0.304,0.429,0.184,0.462,0.141,0.141,0.3997,0.2587,1,0
USER_592,0.361,0.511,0.58,0.278,0.189,0.189,0.6002,0.4112,0,0
USER_593,0.432,0.57,0.602,0.367,0.182,0.182,0.6576,0.4756,0,0
USER_594,0.619,0.422,0.69,0.471,0.287,0.287,0.7108,0.4238,0,0
USER_595,0.732,0.461,0.664,0.208,0.293,0.293,0.7219,0.4289,0,0
USER_596,0.107,0.572,0.074,0.137,0.068,0.068,0.3135,0.2455,0,0
USER_597,0.28,0.501,0.394,0.705,0.134,0.134,0.5013,0.3673,1,1
USER_598,0.195,0.881,0.348,0.277,0.107,0.107,0.5742,0.4672,1,0
USER_599,0.14,0.745,0.555,0.625,0.107,0.107,0.5944,0.4874,1,0
USER_600,0.036,0.499,0.313,0.575,0.064,0.064,0.3537,0.2897,1,0
USER_601,0.041,0.184,0.399,0.738,0.042,0.042,0.292,0.25,0,0
USER_602,0.136,0.53,0.169,0.494,0.097,0.097,0.3808,0.2838,0,0
USER_603,0.028,0.62,0.543,0.433,0.037,0.037,0.4668,0.4298,1,0
USER_604,0.151,0.253,0.021,0.38,0.116,0.116,0.2548,0.1388,0,0
USER_605,0.482,0.566,0.24,0.333,0.235,0.235,0.5757,0.3407,1,1
USER_606,0.153,0.416,0.147,0.368,0.103,0.103,0.3503,0.2473,1,1
USER_607,0.096,0.888,0.363,0.57,0.089,0.089,0.5727,0.4837,0,0
USER_608,0.415,0.331,0.096,0.603,0.23,0.23,0.4776,0.2476,0,0
USER_609,0.462,0.758,0.125,0.228,0.209,0.209,0.5596,0.3506,0,1
USER_610,0.475,0.383,0.203,0.563,0.197,0.197,0.4971,0.3001,0,0
USER_611,0.422,0.486,0.433,0.38,0.209,0.209,0.5658,0.3568,0,1
USER_612,0.699,0.392,0.388,0.786,0.272,0.272,0.6621,0.3901,0,1
USER_613,0.117,0.277,0.345,0.47,0.087,0.087,0.3143,0.2273,1,1
USER_614,0.215,0.291,0.279,0.186,0.113,0.113,0.345,0.232,1,1
USER_615,0.448,0.413,0.601,0.587,0.193,0.193,0.5918,0.3988,1,0
USER_616,0.452,0.54,0.266,0.2,0.203,0.203,0.5191,0.3161,0,1
USER_617,0.029,0.678,0.561,0.31,0.078,0.078,0.5158,0.4378,0,0
USER_618,0.533,0.384,0.201,0.438,0.259,0.259,0.5516,0.2926,0,1
USER_619,0.26,0.684,0.419,0.294,0.159,0.159,0.5637,0.4047,0,0
USER_620,0.472,0.77,0.206,0.559,0.222,0.222,0.6713,0.4493,1,1
USER_621,0.333,0.54,0.549,0.425,0.161,0.161,0.5712,0.4102,0,1
USER_622,0.472,0.48,0.453,0.303,0.168,0.168,0.544,0.376,0,0
USER_623,0.163,0.571,0.566,0.556,0.115,0.115,0.5425,0.4275,1,0
USER_624,0.317,0.226,0.16,0.279,0.115,0.115,0.2933,0.1783,0,0
USER_625,0.417,0.267,0.223,0.489,0.157,0.157,0.4094,0.2524,0,0
USER_626,0.178,0.394,0.183,0.1,0.109,0.109,0.3256,0.2166,0,0
USER_627,0.304,0.318,0.084,0.135,0.162,0.162,0.3428,0.1808,1,0
USER_628,0.4,0.575,0.124,0.581,0.181,0.181,0.5321,0.3511,1,1
USER_629,0.131,0.455,0.322,0.69,0.126,0.126,0.4325,0.3065,0,0
USER_630,0.189,0.823,0.215,0.556,0.125,0.125,0.5066,0.3816,1,1
USER_631,0.437,0.227,0.307,0.273,0.198,0.198,0.4631,0.2651,1,1
USER_632,0.355,0.472,0.225,0.369,0.202,0.202,0.5424,0.3404,1,0
USER_633,0.055,0.373,0.205,0.319,0.101,0.101,0.3209,0.2199,0,0
USER_634,0.273,0.678,0.367,0.363,0.156,0.156,0.5309,0.3749,0,0
USER_635,0.102,0.82,0.189,0.378,0.07,0.07,0.4526,0.3826,1,0
USER_636,0.378,0.296,0.234,0.833,0.171,0.171,0.4461,0.2751,0,0
USER_637,0.046,0.15,0.101,0.671,0.037,0.037,0.1782,0.1412,1,0
USER_638,0.273,0.396,0.183,0.506,0.145,0.145,0.3934,0.2484,1,0
USER_639,0.167,0.502,0.417,0.458,0.087,0.087,0.4473,0.3603,0,0
USER_640,0.123,0.279,0.54,0.583,0.087,0.087,0.4067,0.3197,1,0
USER_641,0.295,0.39,0.44,0.257,0.158,0.158,0.4536,0.2956,1,0
USER_642,0.277,0.369,0.534,0.456,0.107,0.107,0.4666,0.3596,1,0
USER_643,0.085,0.678,0.055,0.707,0.054,0.054,0.4076,0.3536,0,0
USER_644,0.399,0.197,0.231,0.4,0.18,0.18,0.3972,0.2172,1,1
USER_645,0.299,0.313,0.133,0.205,0.154,0.154,0.3522,0.1982,1,0
USER_646,0.202,0.514,0.206,0.417,0.111,0.111,0.4074,0.2964,1,1
USER_647,0.506,0.509,0.038,0.573,0.222,0.222,0.526,0.304,1,0
USER_648,0.237,0.68,0.18,0.402,0.119,0.119,0.4452,0.3262,1,0
USER_649,0.479,0.414,0.272,0.632,0.189,0.189,0.5188,0.3298,0,0
USER_650,0.167,0.395,0.361,0.245,0.098,0.098,0.3755,0.2775,0,0
USER_651,0.072,0.205,0.418,0.485,0.071,0.071,0.3385,0.2675,0,0
USER_652,0.292,0.459,0.165,0.654,0.146,0.146,0.4384,0.2924,1,0
USER_653,0.271,0.356,0.578,0.36,0.147,0.147,0.521,0.374,1,0
USER_654,0.168,0.084,0.632,0.571,0.117,0.117,0.3734,0.2564,1,0
USER_655,0.157,0.672,0.698,0.592,0.118,0.118,0.6239,0.5059,0,0
USER_656,0.396,0.638,0.64,0.249,0.176,0.176,0.6509,0.4749,1,0
USER_657,0.19,0.748,0.293,0.418,0.085,0.085,0.475,0.39,1,0
USER_658,0.313,0.62,0.272,0.516,0.185,0.185,0.5606,0.3756,0,1
USER_659,0.383,0.584,0.108,0.465,0.192,0.192,0.5293,0.3373,1,0
USER_660,0.315,0.524,0.469,0.905,0.141,0.141,0.5583,0.4173,1,0
USER_661,0.837,0.495,0.324,0.506,0.349,0.349,0.7231,0.3741,1,1
USER_662,0.208,0.459,0.693,0.458,0.144,0.144,0.5607,0.4167,0,0
USER_663,0.122,0.484,0.183,0.425,0.127,0.127,0.3871,0.2601,1,0
USER_664,0.328,0.705,0.342,0.325,0.17,0.17,0.5745,0.4045,1,1
USER_665,0.334,0.588,0.255,0.617,0.188,0.188,0.5535,0.3655,1,0
USER_666,0.109,0.373,0.302,0.667,0.064,0.064,0.3223,0.2583,1,1
USER_667,0.324,0.095,0.681,0.392,0.163,0.163,0.4329,0.2699,1,0
USER_668,0.319,0.41,0.135,0.286,0.155,0.155,0.408,0.253,0,0
USER_669,0.324,0.63,0.236,0.637,0.17,0.17,0.5387,0.3687,1,0
USER_670,0.334,0.729,0.292,0.459,0.199,0.199,0.5752,0.3762,0,0
USER_671,0.083,0.464,0.38,0.684,0.084,0.084,0.4313,0.3473,1,0
USER_672,0.161,0.263,0.183,0.888,0.088,0.088,0.3264,0.2384,0,0
USER_673,0.413,0.391,0.425,0.687,0.169,0.169,0.5166,0.3476,0,0
USER_674,0.079,0.627,0.254,0.58,0.11,0.11,0.4401,0.3301,1,0
USER_675,0.697,0.423,0.524,0.58,0.304,0.304,0.7361,0.4321,0,0
USER_676,0.209,0.535,0.096,0.709,0.132,0.132,0.4349,0.3029,1,1
USER_677,0.12,0.384,0.03,0.819,0.085,0.085,0.3458,0.2608,0,0
USER_678,0.448,0.285,0.242,0.398,0.212,0.212,0.4719,0.2599,1,0
USER_679,0.465,0.603,0.348,0.582,0.193,0.193,0.608,0.415,1,1
USER_680,0.243,0.357,0.119,0.217,0.143,0.143,0.3501,0.2071,0,1
USER_681,0.2,0.076,0.494,0.539,0.097,0.097,0.3426,0.2456,1,0
USER_682,0.251,0.308,0.502,0.859,0.131,0.131,0.4858,0.3548,0,0
USER_683,0.152,0.392,0.126,0.891,0.09,0.09,0.3718,0.2818,1,1
USER_684,0.64,0.642,0.315,0.459,0.209,0.209,0.6248,0.4158,1,1
USER_685,0.527,0.333,0.142,0.595,0.228,0.228,0.4872,0.2592,1,1
USER_686,0.454,0.596,0.417,0.491,0.191,0.191,0.6017,0.4107,0,0
USER_687,0.456,0.272,0.084,0.344,0.205,0.205,0.4194,0.2144,0,1
USER_688,0.256,0.415,0.116,0.382,0.139,0.139,0.4039,0.2649,1,0
USER_689,0.05,0.685,0.142,0.27,0.103,0.103,0.4097,0.3067,1,0
USER_690,0.094,0.522,0.312,0.244,0.089,0.089,0.3889,0.2999,0,0
USER_691,0.345,0.577,0.144,0.662,0.177,0.177,0.5185,0.3415,0,0
USER_692,0.107,0.467,0.419,0.48,0.097,0.097,0.4284,0.3314,0,0
USER_693,0.319,0.489,0.43,0.276,0.179,0.179,0.5471,0.3681,1,1
USER_694,0.124,0.536,0.657,0.778,0.102,0.102,0.5164,0.4144,0,0
USER_695,0.307,0.375,0.231,0.728,0.163,0.163,0.4414,0.2784,0,1
USER_696,0.226,0.158,0.337,0.348,0.143,0.143,0.339,0.196,1,0
USER_697,0.16,0.317,0.582,0.599,0.057,0.057,0.3641,0.3071,0,0
USER_698,0.312,0.367,0.071,0.361,0.201,0.201,0.4044,0.2034,1,0
USER_699,0.569,0.522,0.196,0.718,0.281,0.281,0.6274,0.3464,0,0
USER_700,0.573,0.526,0.57,0.467,0.255,0.255,0.6986,0.4436,1,1
USER_701,0.114,0.256,0.374,0.741,0.062,0.062,0.3474,0.2854,1,0
USER_702,0.252,0.354,0.239,0.638,0.162,0.162,0.4315,0.2695,1,0
USER_703,0.32,0.512,0.099,0.593,0.148,0.148,0.4265,0.2785,0,0
USER_704,0.465,0.509,0.244,0.687,0.223,0.223,0.5775,0.3545,1,0
USER_705,0.139,0.584,0.118,0.208,0.073,0.073,0.3655,0.2925,1,0
USER_706,0.532,0.503,0.51,0.385,0.281,0.281,0.678,0.397,0,0
USER_707,0.147,0.712,0.343,0.641,0.073,0.073,0.4752,0.4022,0,0
USER_708,0.314,0.177,0.266,0.707,0.161,0.161,0.3998,0.2388,0,0
USER_709,0.376,0.309,0.37,0.741,0.139,0.139,0.4501,0.3111,1,1
USER_710,0.177,0.474,0.135,0.151,0.111,0.111,0.3637,0.2527,1,0
USER_711,0.295,0.431,0.375,0.489,0.145,0.145,0.4761,0.3311,1,1
USER_712,0.195,0.62,0.243,0.306,0.141,0.141,0.4885,0.3475,1,0
USER_713,0.414,0.919,0.481,0.172,0.186,0.186,0.6914,0.5054,1,1
USER_714,0.157,0.675,0.305,0.59,0.128,0.128,0.5176,0.3896,0,0
USER_715,0.059,0.524,0.354,0.242,0.05,0.05,0.3614,0.3114,0,0
USER_716,0.462,0.123,0.659,0.552,0.206,0.206,0.5122,0.3062,1,1
USER_717,0.173,0.278,0.025,0.387,0.105,0.105,0.2425,0.1375,0,0
USER_718,0.175,0.507,0.08,0.566,0.121,0.121,0.4007,0.2797,1,1
USER_719,0.309,0.415,0.141,0.629,0.165,0.165,0.4328,0.2678,1,0
USER_720,0.319,0.644,0.069,0.466,0.176,0.176,0.4832,0.3072,0,1
USER_721,0.2,0.646,0.186,0.303,0.125,0.125,0.4542,0.3292,1,1
USER_722,0.306,0.516,0.04,0.748,0.17,0.17,0.4758,0.3058,0,1
USER_723,0.227,0.379,0.136,0.222,0.111,0.111,0.2974,0.1864,1,0
USER_724,0.12,0.194,0.524,0.285,0.1,0.1,0.3333,0.2333,1,1
USER_725,0.29,0.287,0.131,0.378,0.184,0.184,0.3754,0.1914,1,0
USER_726,0.209,0.374,0.42,0.267,0.09,0.09,0.4103,0.3203,0,0
USER_727,0.013,0.454,0.636,0.131,0.064,0.064,0.4229,0.3589,0,0
USER_728,0.457,0.471,0.311,0.684,0.224,0.224,0.5949,0.3709,0,0
USER_729,0.398,0.285,0.077,0.707,0.219,0.219,0.4272,0.2082,0,0
USER_730,0.396,0.462,0.435,0.477,0.203,0.203,0.5549,0.3519,0,0
USER_731,0.173,0.217,0.121,0.463,0.112,0.112,0.2903,0.1783,0,1
USER_732,0.83,0.249,0.229,0.399,0.349,0.349,0.6286,0.2796,1,1
USER_733,0.602,0.435,0.649,0.62,0.246,0.246,0.7051,0.4591,0,0
USER_734,0.52,0.337,0.09,0.138,0.224,0.224,0.44,0.216,0,1
USER_735,0.28,0.218,0.366,0.311,0.121,0.121,0.365,0.244,1,1
USER_736,0.384,0.753,0.267,0.345,0.214,0.214,0.6297,0.4157,1,1
USER_737,0.525,0.565,0.294,0.488,0.243,0.243,0.6353,0.3923,1,0
USER_738,0.35,0.352,0.18,0.613,0.154,0.154,0.4311,0.2771,1,1
USER_739,0.095,0.542,0.555,0.319,0.089,0.089,0.4504,0.3614,1,0
USER_740,0.18,0.566,0.346,0.757,0.136,0.136,0.4799,0.3439,1,1
USER_741,0.471,0.481,0.462,0.405,0.235,0.235,0.6357,0.4007,1,1
USER_742,0.269,0.772,0.071,0.42,0.126,0.126,0.5029,0.3769,1,0
USER_743,0.218,0.259,0.013,0.67,0.063,0.063,0.2241,0.1611,0,0
USER_744,0.291,0.376,0.474,0.417,0.16,0.16,0.4658,0.3058,0,0
USER_745,0.058,0.682,0.333,0.589,0.052,0.052,0.4427,0.3907,0,0
USER_746,0.378,0.311,0.077,0.434,0.195,0.195,0.4213,0.2263,0,0
USER_747,0.299,0.733,0.443,0.179,0.174,0.174,0.6345,0.4605,1,1
USER_748,0.073,0.451,0.526,0.574,0.098,0.098,0.4678,0.3698,0,0
USER_749,0.181,0.431,0.212,0.209,0.148,0.148,0.3962,0.2482,0,0
USER_750,0.099,0.328,0.511,0.736,0.109,0.109,0.4252,0.3162,0,0
USER_751,0.37,0.402,0.548,0.736,0.214,0.214,0.6091,0.3951,1,0
USER_752,0.221,0.309,0.21,0.379,0.155,0.155,0.3778,0.2228,0,0
USER_753,0.134,0.613,0.551,0.751,0.126,0.126,0.5559,0.4299,1,1
USER_754,0.614,0.655,0.305,0.276,0.264,0.264,0.7041,0.4401,1,0
USER_755,0.462,0.376,0.498,0.331,0.186,0.186,0.5653,0.3793,0,0
USER_756,0.273,0.766,0.662,0.472,0.195,0.195,0.7359,0.5409,1,0
USER_757,0.293,0.576,0.128,0.243,0.154,0.154,0.4361,0.2821,0,0
USER_758,0.278,0.112,0.183,0.141,0.172,0.172,0.3246,0.1526,0,0
USER_759,0.319,0.422,0.708,0.542,0.151,0.151,0.5869,0.4359,1,0
USER_760,0.188,0.734,0.28,0.517,0.135,0.135,0.5432,0.4082,1,0
USER_761,0.627,0.374,0.37,0.671,0.221,0.221,0.5989,0.3779,0,0
USER_762,0.411,0.151,0.318,0.655,0.186,0.186,0.4379,0.2519,1,1
USER_763,0.241,0.698,0.142,0.605,0.132,0.132,0.5063,0.3743,0,0
USER_764,0.3,0.436,0.492,0.785,0.164,0.164,0.5609,0.3969,1,0
USER_765,0.246,0.455,0.392,0.269,0.158,0.158,0.4862,0.3282,1,1
USER_766,0.147,0.224,0.317,0.62,0.08,0.08,0.2898,0.2098,1,1
USER_767,0.52,0.575,0.104,0.621,0.245,0.245,0.5873,0.3423,1,1
USER_768,0.041,0.363,0.139,0.434,0.089,0.089,0.2918,0.2028,0,0
USER_769,0.16,0.397,0.237,0.581,0.153,0.153,0.4074,0.2544,1,1
USER_770,0.522,0.841,0.614,0.346,0.247,0.247,0.8268,0.5798,1,1
USER_771,0.525,0.363,0.637,0.691,0.224,0.224,0.6691,0.4451,1,1
USER_772,0.273,0.493,0.276,0.868,0.12,0.12,0.4914,0.3714,0,0
USER_773,0.148,0.548,0.078,0.485,0.138,0.138,0.4162,0.2782,0,0
USER_774,0.139,0.737,0.331,0.626,0.113,0.113,0.5526,0.4396,0,0
USER_775,0.28,0.236,0.286,0.251,0.147,0.147,0.3669,0.2199,0,0
USER_776,0.103,0.402,0.463,0.539,0.054,0.054,0.3854,0.3314,0,0
USER_777,0.329,0.155,0.518,0.264,0.147,0.147,0.3921,0.2451,0,1
USER_778,0.413,0.393,0.158,0.357,0.207,0.207,0.4744,0.2674,1,1
USER_779,0.263,0.414,0.093,0.56,0.149,0.149,0.3994,0.2504,0,0
USER_780,0.33,0.509,0.483,0.473,0.126,0.126,0.4974,0.3714,1,0
USER_781,0.427,0.497,0.409,0.368,0.212,0.212,0.5804,0.3684,1,1
USER_782,0.303,0.439,0.375,0.93,0.125,0.125,0.4909,0.3659,1,0
USER_783,0.264,0.663,0.057,0.447,0.17,0.17,0.5155,0.3455,0,0
USER_784,0.667,0.354,0.228,0.493,0.288,0.288,0.6058,0.3178,0,0
USER_785,0.358,0.163,0.156,0.386,0.166,0.166,0.3429,0.1769,1,1
USER_786,0.437,0.317,0.183,0.43,0.223,0.223,0.4764,0.2534,1,0
USER_787,0.351,0.462,0.156,0.467,0.18,0.18,0.467,0.287,0,0
USER_788,0.318,0.318,0.371,0.446,0.188,0.188,0.475,0.287,1,0
USER_789,0.303,0.444,0.053,0.566,0.158,0.158,0.3955,0.2375,1,1
USER_790,0.415,0.37,0.409,0.688,0.198,0.198,0.5425,0.3445,1,0
USER_791,0.088,0.701,0.183,0.381,0.075,0.075,0.4065,0.3315,0,0
USER_792,0.533,0.449,0.22,0.433,0.242,0.242,0.5398,0.2978,1,1
USER_793,0.276,0.552,0.587,0.328,0.181,0.181,0.6069,0.4259,0,0
USER_794,0.066,0.704,0.196,0.387,0.063,0.063,0.4142,0.3512,1,1
USER_795,0.136,0.231,0.229,0.74,0.111,0.111,0.3065,0.1955,0,0
USER_796,0.144,0.435,0.217,0.255,0.083,0.083,0.3371,0.2541,0,0
USER_797,0.077,0.478,0.688,0.164,0.036,0.036,0.4376,0.4016,1,0
USER_798,0.296,0.455,0.167,0.701,0.158,0.158,0.4719,0.3139,0,0
USER_799,0.348,0.543,0.352,0.074,0.179,0.179,0.5341,0.3551,0,1
USER_800,0.206,0.182,0.16,0.51,0.12,0.12,0.2976,0.1776,0,0
USER_801,0.207,0.326,0.151,0.841,0.092,0.092,0.3284,0.2364,0,0
USER_802,0.113,0.561,0.073,0.468,0.096,0.096,0.3522,0.2562,0,0
USER_803,0.364,0.242,0.178,0.422,0.183,0.183,0.4018,0.2188,0,0
USER_804,0.556,0.652,0.074,0.621,0.227,0.227,0.5963,0.3693,1,1
USER_805,0.201,0.647,0.193,0.117,0.093,0.093,0.4318,0.3388,1,0
USER_806,0.209,0.385,0.049,0.273,0.118,0.118,0.335,0.217,0,0
USER_807,0.419,0.479,0.334,0.493,0.21,0.21,0.5585,0.3485,1,1
USER_808,0.297,0.406,0.497,0.55,0.162,0.162,0.5042,0.3422,0,0
USER_809,0.179,0.454,0.314,0.255,0.095,0.095,0.3832,0.2882,1,0
USER_810,0.292,0.225,0.073,0.508,0.155,0.155,0.3355,0.1805,0,0
USER_811,0.092,0.513,0.268,0.877,0.1,0.1,0.4338,0.3338,1,1
USER_812,0.199,0.738,0.075,0.432,0.096,0.096,0.4289,0.3329,0,0
USER_813,0.202,0.473,0.115,0.847,0.122,0.122,0.4163,0.2943,1,0
USER_814,0.354,0.452,0.445,0.699,0.201,0.201,0.573,0.372,0,0
USER_815,0.485,0.493,0.165,0.387,0.194,0.194,0.4929,0.2989,1,0
USER_816,0.374,0.51,0.242,0.756,0.204,0.204,0.559,0.355,0,0
USER_817,0.271,0.686,0.644,0.521,0.177,0.177,0.6652,0.4882,1,1
USER_818,0.335,0.441,0.038,0.401,0.163,0.163,0.4067,0.2437,1,1
USER_819,0.168,0.441,0.536,0.442,0.102,0.102,0.4681,0.3661,1,0
USER_820,0.377,0.622,0.444,0.185,0.203,0.203,0.5897,0.3867,1,0
USER_821,0.591,0.283,0.577,0.318,0.253,0.253,0.6005,0.3475,1,0
USER_822,0.275,0.383,0.266,0.142,0.099,0.099,0.3777,0.2787,0,0
USER_823,0.392,0.35,0.647,0.913,0.185,0.185,0.5868,0.4018,0,0
USER_824,0.158,0.732,0.118,0.684,0.115,0.115,0.4485,0.3335,0,0
USER_825,0.381,0.483,0.457,0.527,0.198,0.198,0.5542,0.3562,0,0
USER_826,0.453,0.413,0.342,0.878,0.191,0.191,0.5528,0.3618,1,1
USER_827,0.373,0.381,0.011,0.487,0.175,0.175,0.3974,0.2224,1,0
USER_828,0.509,0.371,0.153,0.579,0.248,0.248,0.5252,0.2772,1,1
USER_829,0.447,0.237,0.374,0.155,0.205,0.205,0.4786,0.2736,1,0
USER_830,0.377,0.492,0.516,0.57,0.151,0.151,0.5171,0.3661,1,1
USER_831,0.324,0.477,0.799,0.356,0.188,0.188,0.6515,0.4635,1,1
USER_832,0.323,0.194,0.499,0.776,0.159,0.159,0.4889,0.3299,1,0
USER_833,0.202,0.712,0.3,0.48,0.143,0.143,0.5243,0.3813,0,0
USER_834,0.052,0.333,0.082,0.318,0.04,0.04,0.2121,0.1721,1,1
USER_835,0.438,0.549,0.047,0.45,0.201,0.201,0.4846,0.2836,1,0
USER_836,0.427,0.45,0.362,0.814,0.21,0.21,0.5689,0.3589,0,0
USER_837,0.454,0.554,0.294,0.586,0.207,0.207,0.5784,0.3714,0,0
USER_838,0.006,0.191,0.278,0.928,0.029,0.029,0.2719,0.2429,1,0
USER_839,0.141,0.57,0.473,0.034,0.052,0.052,0.4367,0.3847,1,0
USER_840,0.272,0.639,0.49,0.395,0.176,0.176,0.5973,0.4213,1,1
USER_841,0.262,0.318,0.04,0.29,0.146,0.146,0.3562,0.2102,1,0
USER_842,0.427,0.255,0.357,0.58,0.223,0.223,0.5093,0.2863,0,0
USER_843,0.229,0.41,0.462,0.931,0.149,0.149,0.5483,0.3993,0,0
USER_844,0.132,0.475,0.106,0.646,0.108,0.108,0.3731,0.2651,1,0
USER_845,0.576,0.424,0.023,0.48,0.245,0.245,0.5087,0.2637,1,1
USER_846,0.485,0.18,0.485,0.585,0.23,0.23,0.5369,0.3069,1,1
USER_847,0.187,0.393,0.52,0.675,0.144,0.144,0.5515,0.4075,1,1
USER_848,0.496,0.408,0.222,0.684,0.225,0.225,0.5549,0.3299,0,0
USER_849,0.438,0.464,0.165,0.5,0.241,0.241,0.5317,0.2907,1,1
USER_850,0.061,0.519,0.39,0.327,0.041,0.041,0.3847,0.3437,0,0
USER_851,0.19,0.591,0.238,0.586,0.085,0.085,0.4249,0.3399,0,0
USER_852,0.247,0.785,0.291,0.551,0.156,0.156,0.58,0.424,0,0
USER_853,0.445,0.509,0.049,0.446,0.189,0.189,0.4846,0.2956,0,1
USER_854,0.29,0.644,0.101,0.298,0.192,0.192,0.5084,0.3164,1,1
USER_855,0.199,0.341,0.358,0.377,0.146,0.146,0.4269,0.2809,0,0
USER_856,0.192,0.269,0.274,0.62,0.149,0.149,0.3945,0.2455,0,0
USER_857,0.38,0.727,0.519,0.756,0.201,0.201,0.7091,0.5081,1,0
USER_858,0.21,0.283,0.217,0.741,0.105,0.105,0.3567,0.2517,1,0
USER_859,0.573,0.548,0.076,0.79,0.217,0.217,0.5298,0.3128,0,0
USER_860,0.513,0.11,0.254,0.675,0.259,0.259,0.4919,0.2329,0,1
USER_861,0.385,0.685,0.385,0.506,0.155,0.155,0.5741,0.4191,0,0
USER_862,0.416,0.176,0.284,0.503,0.227,0.227,0.4366,0.2096,1,1
USER_863,0.349,0.634,0.73,0.527,0.185,0.185,0.6927,0.5077,0,0
USER_864,0.472,0.535,0.72,0.765,0.214,0.214,0.7171,0.5031,0,0
USER_865,0.239,0.603,0.593,0.604,0.142,0.142,0.5854,0.4434,0,0
USER_866,0.71,0.477,0.586,0.846,0.308,0.308,0.7968,0.4888,1,1
USER_867,0.635,0.604,0.584,0.713,0.268,0.268,0.7502,0.4822,0,1
USER_868,0.021,0.377,0.545,0.706,0.086,0.086,0.4253,0.3393,1,0
USER_869,0.145,0.591,0.177,0.149,0.129,0.129,0.4121,0.2831,0,1
USER_870,0.344,0.772,0.221,0.751,0.174,0.174,0.6058,0.4318,1,1
USER_871,0.454,0.059,0.364,0.512,0.197,0.197,0.4183,0.2213,0,0
USER_872,0.145,0.541,0.415,0.718,0.127,0.127,0.4932,0.3662,0,1
USER_873,0.473,0.564,0.545,0.287,0.175,0.175,0.615,0.44,0,0
USER_874,0.197,0.395,0.374,0.191,0.128,0.128,0.4151,0.2871,1,1
USER_875,0.331,0.498,0.258,0.504,0.181,0.181,0.4802,0.2992,1,1
USER_876,0.318,0.677,0.172,0.227,0.145,0.145,0.4605,0.3155,0,0
USER_877,0.166,0.474,0.337,0.633,0.128,0.128,0.4603,0.3323,0,0
USER_878,0.355,0.447,0.207,0.52,0.174,0.174,0.4701,0.2961,1,1
USER_879,0.2,0.243,0.191,0.461,0.109,0.109,0.3101,0.2011,1,0
USER_880,0.129,0.467,0.236,0.314,0.114,0.114,0.3886,0.2746,0,0
USER_881,0.042,0.18,0.145,0.527,0.043,0.043,0.2021,0.1591,0,0
USER_882,0.434,0.347,0.235,0.412,0.219,0.219,0.5061,0.2871,1,1
USER_883,0.34,0.317,0.345,0.343,0.129,0.129,0.3898,0.2608,1,1
USER_884,0.331,0.198,0.2,0.396,0.171,0.171,0.3523,0.1813,1,0
USER_885,0.138,0.485,0.647,0.286,0.099,0.099,0.4759,0.3769,1,1
USER_886,0.234,0.491,0.439,0.551,0.121,0.121,0.4932,0.3722,0,1
USER_887,0.348,0.203,0.438,0.844,0.179,0.179,0.4982,0.3192,0,0
USER_888,0.205,0.363,0.342,0.698,0.12,0.12,0.4175,0.2975,0,0
USER_889,0.57,0.471,0.109,0.857,0.271,0.271,0.5621,0.2911,0,0
USER_890,0.417,0.302,0.336,0.709,0.207,0.207,0.4861,0.2791,0,0
USER_891,0.29,0.616,0.553,0.86,0.161,0.161,0.62,0.459,0,0
USER_892,0.349,0.653,0.152,0.405,0.178,0.178,0.5169,0.3389,0,0
USER_893,0.491,0.426,0.103,0.501,0.212,0.212,0.4827,0.2707,1,1
USER_894,0.596,0.494,0.254,0.512,0.253,0.253,0.6078,0.3548,0,0
USER_895,0.562,0.435,0.173,0.524,0.252,0.252,0.5559,0.3039,0,0
USER_896,0.122,0.338,0.398,0.51,0.089,0.089,0.3927,0.3037,1,0
USER_897,0.166,0.215,0.266,0.545,0.13,0.13,0.3358,0.2058,1,0
USER_898,0.118,0.138,0.504,0.568,0.093,0.093,0.3311,0.2381,1,0
USER_899,0.419,0.682,0.043,0.418,0.204,0.204,0.5471,0.3431,1,0
USER_900,0.517,0.401,0.599,0.476,0.203,0.203,0.5855,0.3825,1,0
USER_901,0.207,0.806,0.261,0.653,0.141,0.141,0.5803,0.4393,0,0
USER_902,0.23,0.362,0.305,0.7,0.119,0.119,0.4168,0.2978,0,0
USER_903,0.201,0.27,0.373,0.572,0.099,0.099,0.3672,0.2682,1,0
USER_904,0.128,0.477,0.109,0.538,0.128,0.128,0.4116,0.2836,0,0
USER_905,0.698,0.255,0.386,0.756,0.308,0.308,0.6345,0.3265,0,0
USER_906,0.27,0.685,0.298,0.145,0.164,0.164,0.5661,0.4021,0,1
USER_907,0.424,0.512,0.372,0.765,0.207,0.207,0.5965,0.3895,0,0
USER_908,0.672,0.215,0.19,0.762,0.283,0.283,0.5293,0.2463,0,1
USER_909,0.62,0.207,0.166,0.325,0.262,0.262,0.4817,0.2197,0,0
USER_910,0.104,0.367,0.071,0.432,0.102,0.102,0.2864,0.1844,1,0
USER_911,0.269,0.385,0.256,0.528,0.167,0.167,0.4383,0.2713,1,0
USER_912,0.361,0.202,0.057,0.79,0.175,0.175,0.3738,0.1988,0,0
USER_913,0.571,0.882,0.925,0.781,0.291,0.291,0.891,0.6,1,1
USER_914,0.316,0.216,0.569,0.583,0.157,0.157,0.4663,0.3093,0,1
USER_915,0.13,0.433,0.208,0.292,0.068,0.068,0.3367,0.2687,1,1
USER_916,0.257,0.378,0.19,0.626,0.106,0.106,0.3911,0.2851,1,0
USER_917,0.021,0.208,0.355,0.25,0.024,0.024,0.2464,0.2224,0,0
USER_918,0.374,0.156,0.165,0.672,0.173,0.173,0.3802,0.2072,1,0
USER_919,0.43,0.717,0.673,0.419,0.196,0.196,0.7393,0.5433,1,0
USER_920,0.285,0.33,0.296,0.548,0.164,0.164,0.4133,0.2493,1,0
USER_921,0.506,0.275,0.48,0.528,0.226,0.226,0.5526,0.3266,1,1
USER_922,0.147,0.355,0.288,0.696,0.118,0.118,0.3849,0.2669,1,0
USER_923,0.407,0.659,0.471,0.282,0.193,0.193,0.6293,0.4363,0,0
USER_924,0.216,0.294,0.396,0.364,0.126,0.126,0.389,0.263,1,0
USER_925,0.201,0.444,0.298,0.416,0.109,0.109,0.4057,0.2967,1,1
USER_926,0.19,0.593,0.237,0.832,0.145,0.145,0.5369,0.3919,1,0
USER_927,0.401,0.476,0.186,0.457,0.16,0.16,0.4616,0.3016,0,1
USER_928,0.326,0.399,0.15,0.566,0.17,0.17,0.4434,0.2734,1,0
USER_929,0.302,0.709,0.66,0.527,0.152,0.152,0.659,0.507,0,0
USER_930,0.427,0.169,0.24,0.556,0.215,0.215,0.4379,0.2229,1,0
USER_931,0.258,0.821,0.096,0.346,0.14,0.14,0.5166,0.3766,0,0
USER_932,0.27,0.491,0.109,0.198,0.145,0.145,0.4069,0.2619,1,0
USER_933,0.582,0.298,0.411,0.394,0.248,0.248,0.5843,0.3363,1,1
USER_934,0.134,0.45,0.165,0.479,0.125,0.125,0.4118,0.2868,0,0
USER_935,0.164,0.319,0.581,0.429,0.108,0.108,0.443,0.335,1,0
USER_936,0.569,0.486,0.127,0.256,0.289,0.289,0.5928,0.3038,0,0
USER_937,0.468,0.344,0.457,0.619,0.219,0.219,0.5534,0.3344,1,0
USER_938,0.228,0.247,0.399,0.684,0.13,0.13,0.4093,0.2793,1,0
USER_939,0.194,0.503,0.605,0.47,0.115,0.115,0.5366,0.4216,0,1
USER_940,0.2,0.807,0.133,0.39,0.131,0.131,0.5227,0.3917,0,0
USER_941,0.488,0.25,0.177,0.667,0.209,0.209,0.4595,0.2505,0,1
USER_942,0.25,0.696,0.082,0.823,0.14,0.14,0.5161,0.3761,0,0
USER_943,0.157,0.537,0.286,0.428,0.105,0.105,0.4369,0.3319,1,1
USER_944,0.466,0.768,0.08,0.502,0.22,0.22,0.6254,0.4054,1,0
USER_945,0.125,0.244,0.203,0.85,0.101,0.101,0.3319,0.2309,0,0
USER_946,0.246,0.467,0.352,0.758,0.144,0.144,0.4905,0.3465,1,1
USER_947,0.524,0.656,0.183,0.315,0.235,0.235,0.6093,0.3743,0,0
USER_948,0.363,0.67,0.071,0.498,0.208,0.208,0.5033,0.2953,1,1
USER_949,0.729,0.595,0.227,0.237,0.313,0.313,0.6952,0.3822,0,0
USER_950,0.272,0.445,0.379,0.781,0.197,0.197,0.4984,0.3014,1,0
USER_951,0.261,0.796,0.172,0.747,0.142,0.142,0.5343,0.3923,1,1
USER_952,0.226,0.532,0.263,0.345,0.148,0.148,0.4727,0.3247,0,0
USER_953,0.417,0.666,0.166,0.681,0.181,0.181,0.5713,0.3903,1,1
USER_954,0.31,0.723,0.536,0.668,0.186,0.186,0.6609,0.4749,1,1
USER_955,0.394,0.522,0.36,0.707,0.174,0.174,0.5489,0.3749,0,0
USER_956,0.156,0.674,0.709,0.638,0.114,0.114,0.6386,0.5246,0,0
USER_957,0.439,0.498,0.499,0.238,0.199,0.199,0.5779,0.3789,1,0
USER_958,0.4,0.658,0.172,0.642,0.199,0.199,0.61,0.411,0,0
USER_959,0.324,0.157,0.162,0.497,0.159,0.159,0.3396,0.1806,0,0
USER_960,0.2,0.833,0.777,0.434,0.104,0.104,0.6784,0.5744,0,0
USER_961,0.564,0.23,0.308,0.339,0.242,0.242,0.527,0.285,1,1
USER_962,0.445,0.441,0.38,0.706,0.236,0.236,0.6062,0.3702,0,0
USER_963,0.357,0.854,0.558,0.586,0.184,0.184,0.7123,0.5283,0,0
USER_964,0.099,0.338,0.625,0.76,0.059,0.059,0.4235,0.3645,1,1
USER_965,0.334,0.756,0.24,0.341,0.189,0.189,0.5897,0.4007,1,1
USER_966,0.35,0.411,0.231,0.193,0.155,0.155,0.4036,0.2486,1,1
USER_967,0.198,0.34,0.457,0.529,0.134,0.134,0.4447,0.3107,0,0
USER_968,0.212,0.519,0.069,0.516,0.135,0.135,0.3948,0.2598,1,0
USER_969,0.472,0.495,0.3,0.815,0.227,0.227,0.6168,0.3898,1,0
USER_970,0.294,0.458,0.303,0.623,0.19,0.19,0.5211,0.3311,0,0
USER_971,0.153,0.848,0.463,0.287,0.087,0.087,0.5541,0.4671,1,0
USER_972,0.272,0.176,0.28,0.597,0.157,0.157,0.3768,0.2198,0,0
USER_973,0.108,0.476,0.352,0.57,0.113,0.113,0.4428,0.3298,0,0
USER_974,0.265,0.25,0.342,0.735,0.13,0.13,0.4129,0.2829,0,0
USER_975,0.781,0.614,0.168,0.673,0.308,0.308,0.6972,0.3892,1,0
USER_976,0.316,0.287,0.222,0.597,0.155,0.155,0.3884,0.2334,0,0
USER_977,0.386,0.702,0.364,0.499,0.191,0.191,0.6412,0.4502,0,1
USER_978,0.3,0.71,0.662,0.47,0.127,0.127,0.6278,0.5008,0,0
USER_979,0.131,0.368,0.282,0.598,0.107,0.107,0.3597,0.2527,0,0
USER_980,0.294,0.607,0.261,0.666,0.125,0.125,0.5059,0.3809,0,0
USER_981,0.273,0.417,0.405,0.322,0.171,0.171,0.4981,0.3271,1,1
USER_982,0.552,0.171,0.183,0.607,0.253,0.253,0.454,0.201,0,1
USER_983,0.211,0.275,0.378,0.554,0.162,0.162,0.4387,0.2767,0,0
USER_984,0.496,0.298,0.338,0.754,0.237,0.237,0.5637,0.3267,1,1
USER_985,0.181,0.501,0.503,0.811,0.107,0.107,0.5148,0.4078,0,0
USER_986,0.378,0.727,0.195,0.178,0.166,0.166,0.5471,0.3811,1,1
USER_987,0.116,0.311,0.267,0.345,0.095,0.095,0.3038,0.2088,0,0
USER_988,0.396,0.638,0.591,0.436,0.188,0.188,0.6632,0.4752,0,0
USER_989,0.184,0.161,0.64,0.4,0.138,0.138,0.4249,0.2869,0,0
USER_990,0.07,0.691,0.154,0.875,0.056,0.056,0.414,0.358,0,0
USER_991,0.163,0.418,0.386,0.659,0.148,0.148,0.489,0.341,0,0
USER_992,0.367,0.356,0.769,0.514,0.204,0.204,0.6493,0.4453,1,1
USER_993,0.314,0.441,0.629,0.502,0.156,0.156,0.5906,0.4346,0,1
USER_994,0.077,0.537,0.417,0.436,0.113,0.113,0.4853,0.3723,1,1
USER_995,0.366,0.506,0.304,0.354,0.162,0.162,0.4962,0.3342,1,0
USER_996,0.281,0.303,0.339,0.506,0.152,0.152,0.4337,0.2817,0,0
USER_997,0.17,0.508,0.044,0.542,0.084,0.084,0.353,0.269,1,0
USER_998,0.207,0.316,0.147,0.469,0.159,0.159,0.3782,0.2192,0,0
USER_999,0.325,0.174,0.52,0.461,0.131,0.131,0.4156,0.2846,0,0
USER_1000,0.275,0.48,0.216,0.821,0.118,0.118,0.4571,0.3391,0,1
