user_id,baseline_engagement,discount_sensitivity,urgency_sensitivity,emotional_response_tendency,baseline_action_prob
USER_001,0.262,0.305,0.325,0.453,0.097
USER_002,0.308,0.383,0.09,0.392,0.182
USER_003,0.417,0.356,0.19,0.272,0.18
USER_004,0.321,0.38,0.077,0.345,0.186
USER_005,0.447,0.201,0.605,0.537,0.163
USER_006,0.531,0.151,0.125,0.572,0.231
USER_007,0.326,0.336,0.312,0.358,0.193
USER_008,0.164,0.613,0.301,0.354,0.122
USER_009,0.361,0.462,0.59,0.293,0.17
USER_010,0.561,0.535,0.054,0.316,0.208
USER_011,0.177,0.431,0.656,0.388,0.085
USER_012,0.349,0.515,0.51,0.629,0.2
USER_013,0.529,0.331,0.371,0.529,0.228
USER_014,0.237,0.338,0.39,0.42,0.132
USER_015,0.329,0.451,0.357,0.506,0.171
USER_016,0.246,0.754,0.129,0.669,0.11
USER_017,0.169,0.268,0.333,0.538,0.117
USER_018,0.164,0.342,0.444,0.653,0.099
USER_019,0.356,0.389,0.463,0.342,0.181
USER_020,0.336,0.821,0.283,0.19,0.156
USER_021,0.364,0.468,0.274,0.119,0.146
USER_022,0.178,0.45,0.241,0.322,0.104
USER_023,0.444,0.383,0.062,0.611,0.218
USER_024,0.13,0.044,0.411,0.525,0.103
USER_025,0.394,0.644,0.115,0.226,0.189
USER_026,0.33,0.211,0.176,0.259,0.183
USER_027,0.105,0.443,0.045,0.639,0.083
USER_028,0.428,0.218,0.134,0.469,0.201
USER_029,0.274,0.637,0.221,0.578,0.136
USER_030,0.662,0.559,0.102,0.868,0.301
USER_031,0.243,0.164,0.574,0.551,0.141
USER_032,0.593,0.313,0.052,0.404,0.246
USER_033,0.178,0.486,0.22,0.456,0.082
USER_034,0.076,0.067,0.123,0.491,0.099
USER_035,0.534,0.093,0.268,0.585,0.222
USER_036,0.053,0.404,0.369,0.55,0.07
USER_037,0.129,0.585,0.32,0.872,0.142
USER_038,0.479,0.445,0.44,0.409,0.234
USER_039,0.265,0.671,0.633,0.92,0.175
USER_040,0.307,0.454,0.055,0.557,0.147
USER_041,0.503,0.413,0.355,0.268,0.248
USER_042,0.452,0.637,0.639,0.284,0.209
USER_043,0.224,0.224,0.154,0.604,0.136
USER_044,0.057,0.577,0.215,0.367,0.11
USER_045,0.169,0.626,0.22,0.766,0.104
USER_046,0.189,0.42,0.305,0.309,0.117
USER_047,0.495,0.166,0.156,0.202,0.205
USER_048,0.594,0.055,0.351,0.29,0.276
USER_049,0.097,0.31,0.287,0.742,0.073
USER_050,0.253,0.366,0.483,0.24,0.159
USER_051,0.593,0.434,0.318,0.644,0.225
USER_052,0.234,0.416,0.673,0.696,0.143
USER_053,0.427,0.32,0.168,0.801,0.187
USER_054,0.403,0.299,0.599,0.691,0.205
USER_055,0.39,0.227,0.1,0.445,0.186
USER_056,0.235,0.185,0.19,0.594,0.122
USER_057,0.132,0.506,0.391,0.669,0.089
USER_058,0.301,0.65,0.17,0.729,0.138
USER_059,0.425,0.262,0.374,0.202,0.216
USER_060,0.059,0.594,0.207,0.259,0.05
USER_061,0.711,0.355,0.111,0.423,0.294
USER_062,0.026,0.635,0.313,0.444,0.066
USER_063,0.044,0.626,0.096,0.788,0.098
USER_064,0.123,0.49,0.256,0.535,0.093
USER_065,0.211,0.21,0.225,0.52,0.119
USER_066,0.288,0.211,0.575,0.563,0.156
USER_067,0.276,0.418,0.301,0.609,0.105
USER_068,0.305,0.243,0.571,0.529,0.133
USER_069,0.184,0.639,0.166,0.692,0.107
USER_070,0.624,0.362,0.634,0.34,0.254
USER_071,0.222,0.529,0.381,0.638,0.096
USER_072,0.271,0.514,0.19,0.169,0.162
USER_073,0.113,0.738,0.209,0.33,0.095
USER_074,0.264,0.342,0.329,0.899,0.145
USER_075,0.542,0.455,0.422,0.625,0.226
USER_076,0.579,0.506,0.149,0.783,0.254
USER_077,0.449,0.375,0.612,0.573,0.217
USER_078,0.311,0.409,0.133,0.564,0.154
USER_079,0.264,0.335,0.079,0.686,0.151
USER_080,0.455,0.533,0.176,0.465,0.193
USER_081,0.212,0.512,0.706,0.389,0.126
USER_082,0.402,0.527,0.243,0.316,0.213
USER_083,0.327,0.803,0.263,0.597,0.189
USER_084,0.331,0.537,0.458,0.175,0.192
USER_085,0.521,0.266,0.309,0.58,0.238
USER_086,0.1,0.418,0.553,0.784,0.086
USER_087,0.349,0.206,0.15,0.306,0.163
USER_088,0.65,0.343,0.57,0.506,0.241
USER_089,0.243,0.785,0.423,0.558,0.108
USER_090,0.332,0.551,0.011,0.305,0.163
USER_091,0.295,0.356,0.364,0.518,0.151
USER_092,0.229,0.806,0.23,0.61,0.158
USER_093,0.074,0.192,0.339,0.443,0.102
USER_094,0.117,0.435,0.139,0.629,0.077
USER_095,0.397,0.695,0.527,0.742,0.205
USER_096,0.843,0.663,0.616,0.285,0.336
USER_097,0.133,0.261,0.163,0.636,0.11
USER_098,0.158,0.3,0.403,0.479,0.122
USER_099,0.363,0.361,0.321,0.528,0.202
USER_100,0.344,0.383,0.205,0.294,0.16
USER_101,0.407,0.558,0.311,0.607,0.213
USER_102,0.362,0.287,0.317,0.417,0.139
USER_103,0.181,0.368,0.233,0.509,0.139
USER_104,0.332,0.362,0.55,0.454,0.166
USER_105,0.382,0.518,0.316,0.587,0.184
USER_106,0.592,0.382,0.442,0.779,0.216
USER_107,0.262,0.377,0.358,0.661,0.134
USER_108,0.28,0.723,0.177,0.667,0.175
USER_109,0.603,0.212,0.417,0.476,0.252
USER_110,0.143,0.281,0.284,0.492,0.114
USER_111,0.5,0.501,0.611,0.141,0.226
USER_112,0.201,0.251,0.456,0.48,0.142
USER_113,0.383,0.39,0.716,0.629,0.188
USER_114,0.335,0.551,0.63,0.786,0.148
USER_115,0.136,0.591,0.201,0.73,0.099
USER_116,0.206,0.44,0.18,0.173,0.154
USER_117,0.306,0.52,0.082,0.262,0.167
USER_118,0.13,0.327,0.186,0.481,0.093
USER_119,0.161,0.423,0.345,0.797,0.151
USER_120,0.374,0.526,0.323,0.206,0.204
USER_121,0.278,0.556,0.132,0.556,0.164
USER_122,0.265,0.526,0.335,0.495,0.149
USER_123,0.306,0.158,0.375,0.604,0.172
USER_124,0.242,0.509,0.307,0.581,0.15
USER_125,0.276,0.801,0.168,0.3,0.103
USER_126,0.271,0.578,0.542,0.355,0.153
USER_127,0.16,0.234,0.314,0.58,0.103
USER_128,0.59,0.732,0.268,0.488,0.246
USER_129,0.696,0.532,0.155,0.633,0.29
USER_130,0.075,0.667,0.755,0.464,0.045
USER_131,0.339,0.315,0.397,0.815,0.132
USER_132,0.556,0.746,0.181,0.502,0.27
USER_133,0.344,0.475,0.326,0.745,0.18
USER_134,0.479,0.526,0.384,0.354,0.169
USER_135,0.272,0.299,0.294,0.378,0.134
USER_136,0.1,0.394,0.404,0.596,0.103
USER_137,0.055,0.703,0.156,0.451,0.064
USER_138,0.354,0.647,0.225,0.532,0.199
USER_139,0.252,0.489,0.385,0.962,0.159
USER_140,0.316,0.441,0.575,0.644,0.133
USER_141,0.356,0.025,0.202,0.521,0.172
USER_142,0.14,0.327,0.389,0.604,0.09
USER_143,0.27,0.373,0.465,0.622,0.117
USER_144,0.448,0.38,0.379,0.609,0.178
USER_145,0.572,0.384,0.164,0.442,0.234
USER_146,0.308,0.348,0.803,0.398,0.145
USER_147,0.525,0.199,0.166,0.253,0.239
USER_148,0.185,0.707,0.331,0.339,0.136
USER_149,0.108,0.401,0.186,0.472,0.098
USER_150,0.055,0.29,0.287,0.525,0.084
USER_151,0.364,0.393,0.294,0.562,0.172
USER_152,0.188,0.329,0.141,0.725,0.128
USER_153,0.248,0.193,0.115,0.75,0.134
USER_154,0.141,0.189,0.222,0.92,0.091
USER_155,0.112,0.232,0.284,0.586,0.127
USER_156,0.134,0.345,0.506,0.256,0.05
USER_157,0.477,0.415,0.186,0.398,0.18
USER_158,0.197,0.553,0.263,0.602,0.126
USER_159,0.41,0.449,0.255,0.574,0.188
USER_160,0.072,0.373,0.32,0.21,0.046
USER_161,0.251,0.364,0.537,0.77,0.117
USER_162,0.208,0.439,0.412,0.473,0.104
USER_163,0.037,0.302,0.248,0.466,0.081
USER_164,0.186,0.401,0.484,0.617,0.139
USER_165,0.101,0.625,0.105,0.517,0.118
USER_166,0.385,0.513,0.234,0.492,0.153
USER_167,0.492,0.483,0.425,0.244,0.195
USER_168,0.705,0.346,0.394,0.628,0.268
USER_169,0.158,0.507,0.22,0.436,0.131
USER_170,0.094,0.668,0.22,0.523,0.091
USER_171,0.502,0.755,0.104,0.443,0.227
USER_172,0.211,0.569,0.296,0.325,0.129
USER_173,0.268,0.296,0.139,0.457,0.143
USER_174,0.536,0.522,0.176,0.797,0.215
USER_175,0.469,0.425,0.316,0.619,0.224
USER_176,0.247,0.838,0.701,0.571,0.133
USER_177,0.448,0.51,0.39,0.623,0.183
USER_178,0.097,0.278,0.332,0.423,0.096
USER_179,0.09,0.701,0.067,0.722,0.073
USER_180,0.167,0.548,0.249,0.651,0.113
USER_181,0.408,0.061,0.74,0.166,0.19
USER_182,0.45,0.55,0.276,0.896,0.225
USER_183,0.24,0.536,0.481,0.51,0.138
USER_184,0.043,0.778,0.316,0.238,0.048
USER_185,0.478,0.242,0.398,0.087,0.224
USER_186,0.3,0.434,0.478,0.275,0.162
USER_187,0.256,0.335,0.497,0.542,0.15
USER_188,0.048,0.201,0.033,0.4,0.087
USER_189,0.132,0.321,0.036,0.888,0.084
USER_190,0.602,0.646,0.245,0.724,0.274
USER_191,0.41,0.447,0.602,0.537,0.159
USER_192,0.67,0.765,0.408,0.438,0.282
USER_193,0.266,0.196,0.343,0.199,0.138
USER_194,0.365,0.617,0.222,0.566,0.207
USER_195,0.463,0.762,0.235,0.528,0.209
USER_196,0.517,0.314,0.128,0.526,0.243
USER_197,0.421,0.758,0.81,0.724,0.162
USER_198,0.301,0.385,0.223,0.315,0.148
USER_199,0.555,0.589,0.145,0.326,0.227
USER_200,0.426,0.647,0.236,0.121,0.249
USER_201,0.142,0.527,0.546,0.595,0.086
USER_202,0.038,0.191,0.494,0.505,0.065
USER_203,0.558,0.36,0.605,0.704,0.248
USER_204,0.226,0.435,0.217,0.775,0.097
USER_205,0.297,0.63,0.46,0.46,0.144
USER_206,0.232,0.226,0.257,0.662,0.139
USER_207,0.224,0.64,0.395,0.352,0.13
USER_208,0.386,0.813,0.102,0.625,0.139
USER_209,0.289,0.552,0.441,0.166,0.14
USER_210,0.192,0.079,0.763,0.828,0.138
USER_211,0.497,0.74,0.199,0.91,0.236
USER_212,0.198,0.339,0.108,0.49,0.144
USER_213,0.363,0.386,0.833,0.505,0.157
USER_214,0.535,0.745,0.486,0.283,0.263
USER_215,0.777,0.281,0.407,0.612,0.321
USER_216,0.164,0.147,0.636,0.594,0.139
USER_217,0.296,0.456,0.554,0.459,0.154
USER_218,0.146,0.855,0.224,0.697,0.06
USER_219,0.317,0.383,0.131,0.769,0.178
USER_220,0.176,0.525,0.551,0.509,0.103
USER_221,0.67,0.47,0.165,0.492,0.277
USER_222,0.294,0.497,0.172,0.836,0.124
USER_223,0.464,0.36,0.658,0.192,0.245
USER_224,0.078,0.402,0.164,0.617,0.067
USER_225,0.192,0.51,0.293,0.666,0.149
USER_226,0.306,0.128,0.638,0.667,0.149
USER_227,0.32,0.629,0.071,0.491,0.144
USER_228,0.329,0.5,0.654,0.589,0.192
USER_229,0.244,0.362,0.071,0.346,0.134
USER_230,0.139,0.157,0.235,0.619,0.097
USER_231,0.296,0.382,0.11,0.56,0.128
USER_232,0.537,0.135,0.29,0.512,0.229
USER_233,0.322,0.574,0.309,0.465,0.171
USER_234,0.282,0.736,0.121,0.565,0.123
USER_235,0.192,0.407,0.332,0.826,0.107
USER_236,0.485,0.559,0.138,0.829,0.211
USER_237,0.409,0.273,0.365,0.826,0.195
USER_238,0.333,0.317,0.163,0.46,0.196
USER_239,0.3,0.31,0.366,0.522,0.149
USER_240,0.052,0.392,0.104,0.255,0.054
USER_241,0.218,0.32,0.306,0.311,0.181
USER_242,0.165,0.415,0.154,0.506,0.099
USER_243,0.142,0.435,0.224,0.672,0.096
USER_244,0.176,0.668,0.375,0.35,0.104
USER_245,0.223,0.341,0.137,0.413,0.122
USER_246,0.09,0.808,0.038,0.576,0.083
USER_247,0.076,0.188,0.032,0.752,0.095
USER_248,0.285,0.65,0.316,0.697,0.158
USER_249,0.108,0.315,0.494,0.331,0.109
USER_250,0.254,0.4,0.556,0.566,0.16
USER_251,0.205,0.531,0.526,0.394,0.126
USER_252,0.313,0.764,0.218,0.433,0.167
USER_253,0.221,0.241,0.787,0.432,0.15
USER_254,0.313,0.228,0.605,0.489,0.137
USER_255,0.14,0.472,0.599,0.527,0.149
USER_256,0.132,0.445,0.178,0.572,0.086
USER_257,0.206,0.31,0.495,0.483,0.115
USER_258,0.669,0.106,0.353,0.494,0.26
USER_259,0.19,0.699,0.195,0.49,0.093
USER_260,0.257,0.516,0.649,0.237,0.159
USER_261,0.353,0.644,0.124,0.399,0.219
USER_262,0.11,0.783,0.13,0.527,0.077
USER_263,0.214,0.404,0.401,0.812,0.132
USER_264,0.252,0.613,0.186,0.25,0.143
USER_265,0.483,0.408,0.206,0.506,0.239
USER_266,0.297,0.434,0.212,0.704,0.198
USER_267,0.309,0.782,0.474,0.381,0.189
USER_268,0.292,0.421,0.705,0.373,0.147
USER_269,0.533,0.554,0.388,0.61,0.247
USER_270,0.351,0.411,0.343,0.599,0.185
USER_271,0.566,0.287,0.313,0.854,0.248
USER_272,0.281,0.713,0.309,0.523,0.127
USER_273,0.486,0.195,0.446,0.584,0.204
USER_274,0.465,0.191,0.081,0.404,0.236
USER_275,0.496,0.748,0.249,0.513,0.249
USER_276,0.231,0.209,0.138,0.136,0.127
USER_277,0.409,0.352,0.273,0.66,0.198
USER_278,0.297,0.448,0.377,0.432,0.178
USER_279,0.12,0.272,0.347,0.737,0.058
USER_280,0.266,0.684,0.655,0.383,0.134
USER_281,0.338,0.539,0.495,0.388,0.209
USER_282,0.142,0.318,0.041,0.668,0.106
USER_283,0.275,0.651,0.385,0.606,0.124
USER_284,0.566,0.549,0.582,0.758,0.25
USER_285,0.15,0.615,0.441,0.463,0.123
USER_286,0.482,0.508,0.574,0.694,0.168
USER_287,0.626,0.092,0.424,0.409,0.273
USER_288,0.156,0.272,0.545,0.839,0.097
USER_289,0.155,0.38,0.376,0.726,0.071
USER_290,0.51,0.45,0.359,0.465,0.23
USER_291,0.186,0.266,0.423,0.532,0.112
USER_292,0.109,0.647,0.221,0.429,0.088
USER_293,0.126,0.509,0.176,0.28,0.087
USER_294,0.602,0.188,0.35,0.636,0.24
USER_295,0.082,0.902,0.235,0.418,0.05
USER_296,0.07,0.36,0.538,0.554,0.061
USER_297,0.269,0.488,0.676,0.348,0.161
USER_298,0.575,0.632,0.149,0.179,0.256
USER_299,0.36,0.46,0.051,0.566,0.175
USER_300,0.361,0.765,0.144,0.486,0.156
USER_301,0.691,0.501,0.232,0.482,0.284
USER_302,0.164,0.293,0.625,0.664,0.122
USER_303,0.344,0.512,0.557,0.611,0.18
USER_304,0.138,0.636,0.128,0.17,0.089
USER_305,0.279,0.218,0.475,0.29,0.095
USER_306,0.297,0.844,0.233,0.318,0.14
USER_307,0.353,0.467,0.237,0.167,0.164
USER_308,0.352,0.465,0.219,0.413,0.155
USER_309,0.159,0.083,0.332,0.657,0.097
USER_310,0.121,0.378,0.409,0.43,0.109
USER_311,0.133,0.543,0.326,0.377,0.096
USER_312,0.653,0.562,0.248,0.412,0.298
USER_313,0.199,0.381,0.793,0.536,0.09
USER_314,0.128,0.253,0.607,0.741,0.089
USER_315,0.483,0.509,0.545,0.465,0.18
USER_316,0.193,0.17,0.522,0.554,0.109
USER_317,0.204,0.689,0.307,0.723,0.1
USER_318,0.227,0.153,0.238,0.446,0.155
USER_319,0.327,0.679,0.626,0.817,0.173
USER_320,0.465,0.337,0.47,0.443,0.233
USER_321,0.168,0.652,0.062,0.236,0.1
USER_322,0.555,0.262,0.152,0.513,0.224
USER_323,0.383,0.21,0.591,0.308,0.163
USER_324,0.212,0.487,0.263,0.283,0.129
USER_325,0.501,0.596,0.541,0.612,0.262
USER_326,0.505,0.671,0.297,0.473,0.235
USER_327,0.371,0.411,0.466,0.868,0.172
USER_328,0.764,0.316,0.205,0.23,0.314
USER_329,0.522,0.244,0.417,0.292,0.232
USER_330,0.368,0.358,0.076,0.585,0.219
USER_331,0.517,0.107,0.528,0.241,0.256
USER_332,0.544,0.352,0.448,0.532,0.246
USER_333,0.052,0.651,0.514,0.283,0.07
USER_334,0.055,0.478,0.152,0.736,0.075
USER_335,0.117,0.511,0.426,0.418,0.101
USER_336,0.488,0.484,0.286,0.387,0.213
USER_337,0.216,0.493,0.18,0.436,0.109
USER_338,0.09,0.213,0.392,0.405,0.102
USER_339,0.184,0.398,0.157,0.231,0.115
USER_340,0.337,0.597,0.29,0.368,0.187
USER_341,0.422,0.421,0.047,0.175,0.231
USER_342,0.177,0.205,0.542,0.257,0.122
USER_343,0.379,0.481,0.299,0.56,0.19
USER_344,0.385,0.606,0.258,0.435,0.249
USER_345,0.641,0.638,0.389,0.736,0.278
USER_346,0.325,0.7,0.527,0.241,0.142
USER_347,0.875,0.371,0.12,0.788,0.351
USER_348,0.251,0.46,0.452,0.46,0.169
USER_349,0.195,0.305,0.163,0.708,0.092
USER_350,0.459,0.445,0.379,0.473,0.196
USER_351,0.587,0.815,0.152,0.737,0.278
USER_352,0.108,0.634,0.076,0.65,0.082
USER_353,0.162,0.754,0.154,0.437,0.104
USER_354,0.334,0.204,0.188,0.435,0.188
USER_355,0.472,0.227,0.432,0.168,0.201
USER_356,0.108,0.592,0.238,0.567,0.058
USER_357,0.312,0.623,0.493,0.361,0.131
USER_358,0.621,0.67,0.251,0.661,0.279
USER_359,0.35,0.816,0.222,0.77,0.178
USER_360,0.309,0.42,0.558,0.555,0.144
USER_361,0.73,0.324,0.095,0.236,0.282
USER_362,0.419,0.365,0.319,0.35,0.191
USER_363,0.473,0.839,0.166,0.486,0.238
USER_364,0.594,0.668,0.353,0.687,0.241
USER_365,0.415,0.78,0.533,0.493,0.182
USER_366,0.259,0.119,0.376,0.614,0.117
USER_367,0.432,0.709,0.245,0.326,0.194
USER_368,0.354,0.216,0.094,0.325,0.181
USER_369,0.233,0.564,0.311,0.703,0.174
USER_370,0.774,0.496,0.525,0.434,0.325
USER_371,0.443,0.222,0.278,0.557,0.204
USER_372,0.479,0.56,0.277,0.712,0.235
USER_373,0.439,0.347,0.298,0.393,0.218
USER_374,0.09,0.332,0.579,0.374,0.07
USER_375,0.412,0.328,0.094,0.309,0.24
USER_376,0.214,0.277,0.489,0.474,0.125
USER_377,0.156,0.561,0.64,0.373,0.109
USER_378,0.288,0.554,0.733,0.66,0.162
USER_379,0.266,0.432,0.379,0.552,0.15
USER_380,0.66,0.252,0.197,0.599,0.312
USER_381,0.208,0.366,0.536,0.489,0.111
USER_382,0.175,0.684,0.241,0.24,0.127
USER_383,0.208,0.375,0.023,0.642,0.126
USER_384,0.487,0.54,0.37,0.569,0.24
USER_385,0.081,0.406,0.275,0.411,0.074
USER_386,0.432,0.25,0.712,0.562,0.194
USER_387,0.335,0.401,0.152,0.317,0.182
USER_388,0.439,0.256,0.188,0.636,0.211
USER_389,0.291,0.416,0.717,0.787,0.136
USER_390,0.426,0.572,0.282,0.489,0.226
USER_391,0.453,0.59,0.429,0.478,0.223
USER_392,0.178,0.619,0.567,0.37,0.111
USER_393,0.084,0.199,0.18,0.827,0.07
USER_394,0.442,0.331,0.399,0.356,0.212
USER_395,0.407,0.123,0.298,0.436,0.206
USER_396,0.338,0.656,0.336,0.496,0.136
USER_397,0.049,0.334,0.494,0.235,0.075
USER_398,0.376,0.457,0.317,0.502,0.195
USER_399,0.147,0.423,0.476,0.754,0.054
USER_400,0.46,0.533,0.407,0.251,0.215
USER_401,0.656,0.392,0.322,0.368,0.294
USER_402,0.473,0.603,0.223,0.412,0.227
USER_403,0.249,0.481,0.345,0.283,0.153
USER_404,0.249,0.376,0.316,0.304,0.13
USER_405,0.086,0.26,0.296,0.359,0.059
USER_406,0.197,0.441,0.441,0.711,0.083
USER_407,0.302,0.684,0.407,0.393,0.177
USER_408,0.564,0.331,0.313,0.346,0.261
USER_409,0.195,0.51,0.185,0.374,0.142
USER_410,0.465,0.142,0.316,0.853,0.198
USER_411,0.422,0.478,0.559,0.617,0.214
USER_412,0.09,0.308,0.401,0.575,0.051
USER_413,0.31,0.826,0.533,0.75,0.141
USER_414,0.399,0.166,0.782,0.416,0.192
USER_415,0.274,0.657,0.314,0.47,0.159
USER_416,0.64,0.147,0.401,0.136,0.308
USER_417,0.445,0.56,0.26,0.582,0.201
USER_418,0.34,0.561,0.734,0.478,0.152
USER_419,0.332,0.439,0.767,0.598,0.148
USER_420,0.536,0.517,0.286,0.249,0.224
USER_421,0.108,0.172,0.197,0.804,0.132
USER_422,0.235,0.431,0.229,0.805,0.147
USER_423,0.32,0.161,0.381,0.355,0.184
USER_424,0.317,0.331,0.277,0.239,0.156
USER_425,0.168,0.333,0.415,0.402,0.109
USER_426,0.375,0.596,0.279,0.773,0.195
USER_427,0.011,0.339,0.316,0.726,0.044
USER_428,0.345,0.197,0.479,0.769,0.165
USER_429,0.029,0.373,0.462,0.74,0.047
USER_430,0.366,0.758,0.429,0.254,0.169
USER_431,0.196,0.329,0.706,0.244,0.12
USER_432,0.561,0.484,0.272,0.32,0.23
USER_433,0.202,0.764,0.322,0.676,0.126
USER_434,0.466,0.897,0.122,0.669,0.219
USER_435,0.454,0.694,0.342,0.592,0.205
USER_436,0.185,0.805,0.256,0.501,0.098
USER_437,0.148,0.494,0.153,0.187,0.104
USER_438,0.251,0.817,0.471,0.373,0.128
USER_439,0.241,0.293,0.38,0.571,0.135
USER_440,0.196,0.741,0.869,0.351,0.141
USER_441,0.388,0.283,0.663,0.361,0.161
USER_442,0.142,0.812,0.058,0.585,0.143
USER_443,0.189,0.481,0.438,0.569,0.115
USER_444,0.231,0.298,0.286,0.58,0.139
USER_445,0.509,0.198,0.069,0.539,0.213
USER_446,0.198,0.317,0.194,0.504,0.142
USER_447,0.421,0.614,0.284,0.781,0.195
USER_448,0.691,0.381,0.701,0.352,0.284
USER_449,0.447,0.222,0.278,0.506,0.195
USER_450,0.27,0.551,0.24,0.325,0.139
USER_451,0.308,0.822,0.066,0.175,0.166
USER_452,0.405,0.299,0.177,0.441,0.195
USER_453,0.562,0.568,0.285,0.963,0.246
USER_454,0.335,0.185,0.456,0.473,0.153
USER_455,0.465,0.443,0.11,0.417,0.198
USER_456,0.338,0.443,0.337,0.344,0.159
USER_457,0.247,0.38,0.476,0.803,0.146
USER_458,0.245,0.099,0.127,0.38,0.149
USER_459,0.342,0.582,0.438,0.83,0.186
USER_460,0.344,0.52,0.318,0.519,0.17
USER_461,0.483,0.601,0.283,0.183,0.227
USER_462,0.072,0.368,0.21,0.569,0.072
USER_463,0.365,0.532,0.214,0.269,0.143
USER_464,0.481,0.413,0.639,0.275,0.214
USER_465,0.64,0.686,0.383,0.693,0.267
USER_466,0.086,0.426,0.684,0.268,0.059
USER_467,0.247,0.771,0.414,0.486,0.125
USER_468,0.389,0.48,0.211,0.541,0.189
USER_469,0.277,0.354,0.52,0.473,0.124
USER_470,0.761,0.464,0.497,0.573,0.302
USER_471,0.493,0.312,0.64,0.545,0.254
USER_472,0.307,0.492,0.351,0.334,0.126
USER_473,0.472,0.351,0.614,0.404,0.212
USER_474,0.045,0.398,0.202,0.422,0.042
USER_475,0.499,0.579,0.154,0.43,0.21
USER_476,0.47,0.487,0.473,0.365,0.211
USER_477,0.113,0.495,0.226,0.674,0.07
USER_478,0.302,0.68,0.632,0.22,0.167
USER_479,0.648,0.364,0.113,0.797,0.304
USER_480,0.328,0.475,0.114,0.268,0.182
USER_481,0.186,0.409,0.254,0.57,0.136
USER_482,0.452,0.169,0.103,0.5,0.181
USER_483,0.321,0.265,0.357,0.738,0.157
USER_484,0.173,0.477,0.226,0.562,0.12
USER_485,0.617,0.692,0.101,0.567,0.283
USER_486,0.09,0.248,0.023,0.434,0.117
USER_487,0.554,0.119,0.213,0.359,0.265
USER_488,0.285,0.52,0.008,0.639,0.168
USER_489,0.151,0.855,0.187,0.773,0.155
USER_490,0.207,0.577,0.432,0.726,0.125
USER_491,0.373,0.269,0.444,0.44,0.175
USER_492,0.45,0.442,0.536,0.817,0.211
USER_493,0.455,0.315,0.302,0.642,0.191
USER_494,0.272,0.559,0.488,0.399,0.147
USER_495,0.221,0.695,0.108,0.641,0.093
USER_496,0.321,0.489,0.358,0.864,0.152
USER_497,0.078,0.849,0.454,0.748,0.075
USER_498,0.393,0.411,0.217,0.098,0.207
USER_499,0.129,0.653,0.471,0.115,0.117
USER_500,0.168,0.468,0.307,0.465,0.089
USER_501,0.61,0.382,0.291,0.396,0.305
USER_502,0.226,0.32,0.051,0.801,0.132
USER_503,0.269,0.135,0.491,0.533,0.149
USER_504,0.154,0.212,0.509,0.37,0.072
USER_505,0.173,0.627,0.273,0.489,0.098
USER_506,0.334,0.662,0.551,0.669,0.188
USER_507,0.257,0.363,0.173,0.451,0.143
USER_508,0.171,0.335,0.507,0.647,0.112
USER_509,0.408,0.459,0.235,0.43,0.198
USER_510,0.489,0.146,0.45,0.596,0.192
USER_511,0.115,0.17,0.17,0.58,0.088
USER_512,0.219,0.477,0.2,0.621,0.155
USER_513,0.672,0.537,0.086,0.162,0.307
USER_514,0.266,0.364,0.258,0.648,0.141
USER_515,0.079,0.408,0.716,0.322,0.109
USER_516,0.167,0.356,0.079,0.336,0.083
USER_517,0.411,0.282,0.063,0.415,0.175
USER_518,0.044,0.732,0.6,0.415,0.103
USER_519,0.589,0.202,0.535,0.597,0.268
USER_520,0.502,0.246,0.263,0.221,0.22
USER_521,0.458,0.811,0.071,0.837,0.209
USER_522,0.176,0.686,0.177,0.494,0.096
USER_523,0.297,0.353,0.223,0.692,0.159
USER_524,0.394,0.548,0.317,0.265,0.192
USER_525,0.2,0.401,0.344,0.23,0.12
USER_526,0.606,0.651,0.118,0.519,0.239
USER_527,0.26,0.33,0.567,0.937,0.146
USER_528,0.357,0.267,0.267,0.787,0.164
USER_529,0.266,0.398,0.197,0.858,0.123
USER_530,0.167,0.734,0.186,0.521,0.134
USER_531,0.559,0.187,0.083,0.174,0.289
USER_532,0.343,0.639,0.542,0.336,0.209
USER_533,0.151,0.409,0.113,0.35,0.116
USER_534,0.347,0.326,0.276,0.427,0.166
USER_535,0.74,0.728,0.509,0.613,0.308
USER_536,0.172,0.251,0.082,0.366,0.118
USER_537,0.373,0.593,0.279,0.447,0.172
USER_538,0.288,0.743,0.322,0.691,0.177
USER_539,0.459,0.551,0.267,0.701,0.17
USER_540,0.418,0.88,0.421,0.581,0.19
USER_541,0.249,0.258,0.178,0.763,0.153
USER_542,0.211,0.282,0.262,0.696,0.107
USER_543,0.3,0.572,0.478,0.746,0.15
USER_544,0.815,0.687,0.426,0.376,0.347
USER_545,0.066,0.781,0.262,0.597,0.104
USER_546,0.501,0.789,0.38,0.624,0.199
USER_547,0.131,0.574,0.125,0.495,0.068
USER_548,0.278,0.708,0.327,0.526,0.129
USER_549,0.196,0.191,0.316,0.739,0.088
USER_550,0.514,0.285,0.826,0.345,0.2
USER_551,0.301,0.191,0.096,0.434,0.136
USER_552,0.6,0.495,0.522,0.66,0.285
USER_553,0.361,0.521,0.436,0.557,0.17
USER_554,0.292,0.247,0.057,0.675,0.153
USER_555,0.12,0.575,0.32,0.298,0.073
USER_556,0.549,0.403,0.568,0.301,0.255
USER_557,0.163,0.462,0.347,0.61,0.144
USER_558,0.385,0.562,0.591,0.284,0.167
USER_559,0.665,0.479,0.415,0.436,0.317
USER_560,0.584,0.463,0.284,0.625,0.262
USER_561,0.401,0.182,0.028,0.57,0.191
USER_562,0.289,0.218,0.471,0.358,0.159
USER_563,0.239,0.159,0.429,0.553,0.141
USER_564,0.021,0.296,0.707,0.74,0.095
USER_565,0.299,0.682,0.618,0.504,0.165
USER_566,0.288,0.353,0.227,0.105,0.162
USER_567,0.471,0.403,0.475,0.562,0.206
USER_568,0.127,0.539,0.34,0.562,0.111
USER_569,0.406,0.445,0.215,0.629,0.173
USER_570,0.297,0.345,0.323,0.668,0.156
USER_571,0.245,0.525,0.371,0.599,0.193
USER_572,0.235,0.515,0.211,0.535,0.082
USER_573,0.252,0.623,0.452,0.287,0.143
USER_574,0.187,0.359,0.343,0.34,0.121
USER_575,0.393,0.466,0.621,0.48,0.183
USER_576,0.44,0.403,0.312,0.172,0.2
USER_577,0.111,0.301,0.113,0.67,0.091
USER_578,0.246,0.466,0.397,0.307,0.131
USER_579,0.081,0.561,0.431,0.333,0.083
USER_580,0.423,0.27,0.228,0.621,0.188
USER_581,0.385,0.601,0.34,0.319,0.225
USER_582,0.556,0.224,0.137,0.534,0.24
USER_583,0.783,0.524,0.256,0.713,0.335
USER_584,0.436,0.422,0.206,0.307,0.189
USER_585,0.441,0.698,0.283,0.403,0.223
USER_586,0.426,0.359,0.408,0.297,0.214
USER_587,0.207,0.341,0.687,0.68,0.131
USER_588,0.57,0.258,0.1,0.459,0.229
USER_589,0.522,0.504,0.754,0.365,0.218
USER_590,0.25,0.535,0.306,0.652,0.171
USER_591,0.304,0.429,0.184,0.462,0.141
USER_592,0.361,0.511,0.58,0.278,0.189
USER_593,0.432,0.57,0.602,0.367,0.182
USER_594,0.619,0.422,0.69,0.471,0.287
USER_595,0.732,0.461,0.664,0.208,0.293
USER_596,0.107,0.572,0.074,0.137,0.068
USER_597,0.28,0.501,0.394,0.705,0.134
USER_598,0.195,0.881,0.348,0.277,0.107
USER_599,0.14,0.745,0.555,0.625,0.107
USER_600,0.036,0.499,0.313,0.575,0.064
USER_601,0.041,0.184,0.399,0.738,0.042
USER_602,0.136,0.53,0.169,0.494,0.097
USER_603,0.028,0.62,0.543,0.433,0.037
USER_604,0.151,0.253,0.021,0.38,0.116
USER_605,0.482,0.566,0.24,0.333,0.235
USER_606,0.153,0.416,0.147,0.368,0.103
USER_607,0.096,0.888,0.363,0.57,0.089
USER_608,0.415,0.331,0.096,0.603,0.23
USER_609,0.462,0.758,0.125,0.228,0.209
USER_610,0.475,0.383,0.203,0.563,0.197
USER_611,0.422,0.486,0.433,0.38,0.209
USER_612,0.699,0.392,0.388,0.786,0.272
USER_613,0.117,0.277,0.345,0.47,0.087
USER_614,0.215,0.291,0.279,0.186,0.113
USER_615,0.448,0.413,0.601,0.587,0.193
USER_616,0.452,0.54,0.266,0.2,0.203
USER_617,0.029,0.678,0.561,0.31,0.078
USER_618,0.533,0.384,0.201,0.438,0.259
USER_619,0.26,0.684,0.419,0.294,0.159
USER_620,0.472,0.77,0.206,0.559,0.222
USER_621,0.333,0.54,0.549,0.425,0.161
USER_622,0.472,0.48,0.453,0.303,0.168
USER_623,0.163,0.571,0.566,0.556,0.115
USER_624,0.317,0.226,0.16,0.279,0.115
USER_625,0.417,0.267,0.223,0.489,0.157
USER_626,0.178,0.394,0.183,0.1,0.109
USER_627,0.304,0.318,0.084,0.135,0.162
USER_628,0.4,0.575,0.124,0.581,0.181
USER_629,0.131,0.455,0.322,0.69,0.126
USER_630,0.189,0.823,0.215,0.556,0.125
USER_631,0.437,0.227,0.307,0.273,0.198
USER_632,0.355,0.472,0.225,0.369,0.202
USER_633,0.055,0.373,0.205,0.319,0.101
USER_634,0.273,0.678,0.367,0.363,0.156
USER_635,0.102,0.82,0.189,0.378,0.07
USER_636,0.378,0.296,0.234,0.833,0.171
USER_637,0.046,0.15,0.101,0.671,0.037
USER_638,0.273,0.396,0.183,0.506,0.145
USER_639,0.167,0.502,0.417,0.458,0.087
USER_640,0.123,0.279,0.54,0.583,0.087
USER_641,0.295,0.39,0.44,0.257,0.158
USER_642,0.277,0.369,0.534,0.456,0.107
USER_643,0.085,0.678,0.055,0.707,0.054
USER_644,0.399,0.197,0.231,0.4,0.18
USER_645,0.299,0.313,0.133,0.205,0.154
USER_646,0.202,0.514,0.206,0.417,0.111
USER_647,0.506,0.509,0.038,0.573,0.222
USER_648,0.237,0.68,0.18,0.402,0.119
USER_649,0.479,0.414,0.272,0.632,0.189
USER_650,0.167,0.395,0.361,0.245,0.098
USER_651,0.072,0.205,0.418,0.485,0.071
USER_652,0.292,0.459,0.165,0.654,0.146
USER_653,0.271,0.356,0.578,0.36,0.147
USER_654,0.168,0.084,0.632,0.571,0.117
USER_655,0.157,0.672,0.698,0.592,0.118
USER_656,0.396,0.638,0.64,0.249,0.176
USER_657,0.19,0.748,0.293,0.418,0.085
USER_658,0.313,0.62,0.272,0.516,0.185
USER_659,0.383,0.584,0.108,0.465,0.192
USER_660,0.315,0.524,0.469,0.905,0.141
USER_661,0.837,0.495,0.324,0.506,0.349
USER_662,0.208,0.459,0.693,0.458,0.144
USER_663,0.122,0.484,0.183,0.425,0.127
USER_664,0.328,0.705,0.342,0.325,0.17
USER_665,0.334,0.588,0.255,0.617,0.188
USER_666,0.109,0.373,0.302,0.667,0.064
USER_667,0.324,0.095,0.681,0.392,0.163
USER_668,0.319,0.41,0.135,0.286,0.155
USER_669,0.324,0.63,0.236,0.637,0.17
USER_670,0.334,0.729,0.292,0.459,0.199
USER_671,0.083,0.464,0.38,0.684,0.084
USER_672,0.161,0.263,0.183,0.888,0.088
USER_673,0.413,0.391,0.425,0.687,0.169
USER_674,0.079,0.627,0.254,0.58,0.11
USER_675,0.697,0.423,0.524,0.58,0.304
USER_676,0.209,0.535,0.096,0.709,0.132
USER_677,0.12,0.384,0.03,0.819,0.085
USER_678,0.448,0.285,0.242,0.398,0.212
USER_679,0.465,0.603,0.348,0.582,0.193
USER_680,0.243,0.357,0.119,0.217,0.143
USER_681,0.2,0.076,0.494,0.539,0.097
USER_682,0.251,0.308,0.502,0.859,0.131
USER_683,0.152,0.392,0.126,0.891,0.09
USER_684,0.64,0.642,0.315,0.459,0.209
USER_685,0.527,0.333,0.142,0.595,0.228
USER_686,0.454,0.596,0.417,0.491,0.191
USER_687,0.456,0.272,0.084,0.344,0.205
USER_688,0.256,0.415,0.116,0.382,0.139
USER_689,0.05,0.685,0.142,0.27,0.103
USER_690,0.094,0.522,0.312,0.244,0.089
USER_691,0.345,0.577,0.144,0.662,0.177
USER_692,0.107,0.467,0.419,0.48,0.097
USER_693,0.319,0.489,0.43,0.276,0.179
USER_694,0.124,0.536,0.657,0.778,0.102
USER_695,0.307,0.375,0.231,0.728,0.163
USER_696,0.226,0.158,0.337,0.348,0.143
USER_697,0.16,0.317,0.582,0.599,0.057
USER_698,0.312,0.367,0.071,0.361,0.201
USER_699,0.569,0.522,0.196,0.718,0.281
USER_700,0.573,0.526,0.57,0.467,0.255
USER_701,0.114,0.256,0.374,0.741,0.062
USER_702,0.252,0.354,0.239,0.638,0.162
USER_703,0.32,0.512,0.099,0.593,0.148
USER_704,0.465,0.509,0.244,0.687,0.223
USER_705,0.139,0.584,0.118,0.208,0.073
USER_706,0.532,0.503,0.51,0.385,0.281
USER_707,0.147,0.712,0.343,0.641,0.073
USER_708,0.314,0.177,0.266,0.707,0.161
USER_709,0.376,0.309,0.37,0.741,0.139
USER_710,0.177,0.474,0.135,0.151,0.111
USER_711,0.295,0.431,0.375,0.489,0.145
USER_712,0.195,0.62,0.243,0.306,0.141
USER_713,0.414,0.919,0.481,0.172,0.186
USER_714,0.157,0.675,0.305,0.59,0.128
USER_715,0.059,0.524,0.354,0.242,0.05
USER_716,0.462,0.123,0.659,0.552,0.206
USER_717,0.173,0.278,0.025,0.387,0.105
USER_718,0.175,0.507,0.08,0.566,0.121
USER_719,0.309,0.415,0.141,0.629,0.165
USER_720,0.319,0.644,0.069,0.466,0.176
USER_721,0.2,0.646,0.186,0.303,0.125
USER_722,0.306,0.516,0.04,0.748,0.17
USER_723,0.227,0.379,0.136,0.222,0.111
USER_724,0.12,0.194,0.524,0.285,0.1
USER_725,0.29,0.287,0.131,0.378,0.184
USER_726,0.209,0.374,0.42,0.267,0.09
USER_727,0.013,0.454,0.636,0.131,0.064
USER_728,0.457,0.471,0.311,0.684,0.224
USER_729,0.398,0.285,0.077,0.707,0.219
USER_730,0.396,0.462,0.435,0.477,0.203
USER_731,0.173,0.217,0.121,0.463,0.112
USER_732,0.83,0.249,0.229,0.399,0.349
USER_733,0.602,0.435,0.649,0.62,0.246
USER_734,0.52,0.337,0.09,0.138,0.224
USER_735,0.28,0.218,0.366,0.311,0.121
USER_736,0.384,0.753,0.267,0.345,0.214
USER_737,0.525,0.565,0.294,0.488,0.243
USER_738,0.35,0.352,0.18,0.613,0.154
USER_739,0.095,0.542,0.555,0.319,0.089
USER_740,0.18,0.566,0.346,0.757,0.136
USER_741,0.471,0.481,0.462,0.405,0.235
USER_742,0.269,0.772,0.071,0.42,0.126
USER_743,0.218,0.259,0.013,0.67,0.063
USER_744,0.291,0.376,0.474,0.417,0.16
USER_745,0.058,0.682,0.333,0.589,0.052
USER_746,0.378,0.311,0.077,0.434,0.195
USER_747,0.299,0.733,0.443,0.179,0.174
USER_748,0.073,0.451,0.526,0.574,0.098
USER_749,0.181,0.431,0.212,0.209,0.148
USER_750,0.099,0.328,0.511,0.736,0.109
USER_751,0.37,0.402,0.548,0.736,0.214
USER_752,0.221,0.309,0.21,0.379,0.155
USER_753,0.134,0.613,0.551,0.751,0.126
USER_754,0.614,0.655,0.305,0.276,0.264
USER_755,0.462,0.376,0.498,0.331,0.186
USER_756,0.273,0.766,0.662,0.472,0.195
USER_757,0.293,0.576,0.128,0.243,0.154
USER_758,0.278,0.112,0.183,0.141,0.172
USER_759,0.319,0.422,0.708,0.542,0.151
USER_760,0.188,0.734,0.28,0.517,0.135
USER_761,0.627,0.374,0.37,0.671,0.221
USER_762,0.411,0.151,0.318,0.655,0.186
USER_763,0.241,0.698,0.142,0.605,0.132
USER_764,0.3,0.436,0.492,0.785,0.164
USER_765,0.246,0.455,0.392,0.269,0.158
USER_766,0.147,0.224,0.317,0.62,0.08
USER_767,0.52,0.575,0.104,0.621,0.245
USER_768,0.041,0.363,0.139,0.434,0.089
USER_769,0.16,0.397,0.237,0.581,0.153
USER_770,0.522,0.841,0.614,0.346,0.247
USER_771,0.525,0.363,0.637,0.691,0.224
USER_772,0.273,0.493,0.276,0.868,0.12
USER_773,0.148,0.548,0.078,0.485,0.138
USER_774,0.139,0.737,0.331,0.626,0.113
USER_775,0.28,0.236,0.286,0.251,0.147
USER_776,0.103,0.402,0.463,0.539,0.054
USER_777,0.329,0.155,0.518,0.264,0.147
USER_778,0.413,0.393,0.158,0.357,0.207
USER_779,0.263,0.414,0.093,0.56,0.149
USER_780,0.33,0.509,0.483,0.473,0.126
USER_781,0.427,0.497,0.409,0.368,0.212
USER_782,0.303,0.439,0.375,0.93,0.125
USER_783,0.264,0.663,0.057,0.447,0.17
USER_784,0.667,0.354,0.228,0.493,0.288
USER_785,0.358,0.163,0.156,0.386,0.166
USER_786,0.437,0.317,0.183,0.43,0.223
USER_787,0.351,0.462,0.156,0.467,0.18
USER_788,0.318,0.318,0.371,0.446,0.188
USER_789,0.303,0.444,0.053,0.566,0.158
USER_790,0.415,0.37,0.409,0.688,0.198
USER_791,0.088,0.701,0.183,0.381,0.075
USER_792,0.533,0.449,0.22,0.433,0.242
USER_793,0.276,0.552,0.587,0.328,0.181
USER_794,0.066,0.704,0.196,0.387,0.063
USER_795,0.136,0.231,0.229,0.74,0.111
USER_796,0.144,0.435,0.217,0.255,0.083
USER_797,0.077,0.478,0.688,0.164,0.036
USER_798,0.296,0.455,0.167,0.701,0.158
USER_799,0.348,0.543,0.352,0.074,0.179
USER_800,0.206,0.182,0.16,0.51,0.12
USER_801,0.207,0.326,0.151,0.841,0.092
USER_802,0.113,0.561,0.073,0.468,0.096
USER_803,0.364,0.242,0.178,0.422,0.183
USER_804,0.556,0.652,0.074,0.621,0.227
USER_805,0.201,0.647,0.193,0.117,0.093
USER_806,0.209,0.385,0.049,0.273,0.118
USER_807,0.419,0.479,0.334,0.493,0.21
USER_808,0.297,0.406,0.497,0.55,0.162
USER_809,0.179,0.454,0.314,0.255,0.095
USER_810,0.292,0.225,0.073,0.508,0.155
USER_811,0.092,0.513,0.268,0.877,0.1
USER_812,0.199,0.738,0.075,0.432,0.096
USER_813,0.202,0.473,0.115,0.847,0.122
USER_814,0.354,0.452,0.445,0.699,0.201
USER_815,0.485,0.493,0.165,0.387,0.194
USER_816,0.374,0.51,0.242,0.756,0.204
USER_817,0.271,0.686,0.644,0.521,0.177
USER_818,0.335,0.441,0.038,0.401,0.163
USER_819,0.168,0.441,0.536,0.442,0.102
USER_820,0.377,0.622,0.444,0.185,0.203
USER_821,0.591,0.283,0.577,0.318,0.253
USER_822,0.275,0.383,0.266,0.142,0.099
USER_823,0.392,0.35,0.647,0.913,0.185
USER_824,0.158,0.732,0.118,0.684,0.115
USER_825,0.381,0.483,0.457,0.527,0.198
USER_826,0.453,0.413,0.342,0.878,0.191
USER_827,0.373,0.381,0.011,0.487,0.175
USER_828,0.509,0.371,0.153,0.579,0.248
USER_829,0.447,0.237,0.374,0.155,0.205
USER_830,0.377,0.492,0.516,0.57,0.151
USER_831,0.324,0.477,0.799,0.356,0.188
USER_832,0.323,0.194,0.499,0.776,0.159
USER_833,0.202,0.712,0.3,0.48,0.143
USER_834,0.052,0.333,0.082,0.318,0.04
USER_835,0.438,0.549,0.047,0.45,0.201
USER_836,0.427,0.45,0.362,0.814,0.21
USER_837,0.454,0.554,0.294,0.586,0.207
USER_838,0.006,0.191,0.278,0.928,0.029
USER_839,0.141,0.57,0.473,0.034,0.052
USER_840,0.272,0.639,0.49,0.395,0.176
USER_841,0.262,0.318,0.04,0.29,0.146
USER_842,0.427,0.255,0.357,0.58,0.223
USER_843,0.229,0.41,0.462,0.931,0.149
USER_844,0.132,0.475,0.106,0.646,0.108
USER_845,0.576,0.424,0.023,0.48,0.245
USER_846,0.485,0.18,0.485,0.585,0.23
USER_847,0.187,0.393,0.52,0.675,0.144
USER_848,0.496,0.408,0.222,0.684,0.225
USER_849,0.438,0.464,0.165,0.5,0.241
USER_850,0.061,0.519,0.39,0.327,0.041
USER_851,0.19,0.591,0.238,0.586,0.085
USER_852,0.247,0.785,0.291,0.551,0.156
USER_853,0.445,0.509,0.049,0.446,0.189
USER_854,0.29,0.644,0.101,0.298,0.192
USER_855,0.199,0.341,0.358,0.377,0.146
USER_856,0.192,0.269,0.274,0.62,0.149
USER_857,0.38,0.727,0.519,0.756,0.201
USER_858,0.21,0.283,0.217,0.741,0.105
USER_859,0.573,0.548,0.076,0.79,0.217
USER_860,0.513,0.11,0.254,0.675,0.259
USER_861,0.385,0.685,0.385,0.506,0.155
USER_862,0.416,0.176,0.284,0.503,0.227
USER_863,0.349,0.634,0.73,0.527,0.185
USER_864,0.472,0.535,0.72,0.765,0.214
USER_865,0.239,0.603,0.593,0.604,0.142
USER_866,0.71,0.477,0.586,0.846,0.308
USER_867,0.635,0.604,0.584,0.713,0.268
USER_868,0.021,0.377,0.545,0.706,0.086
USER_869,0.145,0.591,0.177,0.149,0.129
USER_870,0.344,0.772,0.221,0.751,0.174
USER_871,0.454,0.059,0.364,0.512,0.197
USER_872,0.145,0.541,0.415,0.718,0.127
USER_873,0.473,0.564,0.545,0.287,0.175
USER_874,0.197,0.395,0.374,0.191,0.128
USER_875,0.331,0.498,0.258,0.504,0.181
USER_876,0.318,0.677,0.172,0.227,0.145
USER_877,0.166,0.474,0.337,0.633,0.128
USER_878,0.355,0.447,0.207,0.52,0.174
USER_879,0.2,0.243,0.191,0.461,0.109
USER_880,0.129,0.467,0.236,0.314,0.114
USER_881,0.042,0.18,0.145,0.527,0.043
USER_882,0.434,0.347,0.235,0.412,0.219
USER_883,0.34,0.317,0.345,0.343,0.129
USER_884,0.331,0.198,0.2,0.396,0.171
USER_885,0.138,0.485,0.647,0.286,0.099
USER_886,0.234,0.491,0.439,0.551,0.121
USER_887,0.348,0.203,0.438,0.844,0.179
USER_888,0.205,0.363,0.342,0.698,0.12
USER_889,0.57,0.471,0.109,0.857,0.271
USER_890,0.417,0.302,0.336,0.709,0.207
USER_891,0.29,0.616,0.553,0.86,0.161
USER_892,0.349,0.653,0.152,0.405,0.178
USER_893,0.491,0.426,0.103,0.501,0.212
USER_894,0.596,0.494,0.254,0.512,0.253
USER_895,0.562,0.435,0.173,0.524,0.252
USER_896,0.122,0.338,0.398,0.51,0.089
USER_897,0.166,0.215,0.266,0.545,0.13
USER_898,0.118,0.138,0.504,0.568,0.093
USER_899,0.419,0.682,0.043,0.418,0.204
USER_900,0.517,0.401,0.599,0.476,0.203
USER_901,0.207,0.806,0.261,0.653,0.141
USER_902,0.23,0.362,0.305,0.7,0.119
USER_903,0.201,0.27,0.373,0.572,0.099
USER_904,0.128,0.477,0.109,0.538,0.128
USER_905,0.698,0.255,0.386,0.756,0.308
USER_906,0.27,0.685,0.298,0.145,0.164
USER_907,0.424,0.512,0.372,0.765,0.207
USER_908,0.672,0.215,0.19,0.762,0.283
USER_909,0.62,0.207,0.166,0.325,0.262
USER_910,0.104,0.367,0.071,0.432,0.102
USER_911,0.269,0.385,0.256,0.528,0.167
USER_912,0.361,0.202,0.057,0.79,0.175
USER_913,0.571,0.882,0.925,0.781,0.291
USER_914,0.316,0.216,0.569,0.583,0.157
USER_915,0.13,0.433,0.208,0.292,0.068
USER_916,0.257,0.378,0.19,0.626,0.106
USER_917,0.021,0.208,0.355,0.25,0.024
USER_918,0.374,0.156,0.165,0.672,0.173
USER_919,0.43,0.717,0.673,0.419,0.196
USER_920,0.285,0.33,0.296,0.548,0.164
USER_921,0.506,0.275,0.48,0.528,0.226
USER_922,0.147,0.355,0.288,0.696,0.118
USER_923,0.407,0.659,0.471,0.282,0.193
USER_924,0.216,0.294,0.396,0.364,0.126
USER_925,0.201,0.444,0.298,0.416,0.109
USER_926,0.19,0.593,0.237,0.832,0.145
USER_927,0.401,0.476,0.186,0.457,0.16
USER_928,0.326,0.399,0.15,0.566,0.17
USER_929,0.302,0.709,0.66,0.527,0.152
USER_930,0.427,0.169,0.24,0.556,0.215
USER_931,0.258,0.821,0.096,0.346,0.14
USER_932,0.27,0.491,0.109,0.198,0.145
USER_933,0.582,0.298,0.411,0.394,0.248
USER_934,0.134,0.45,0.165,0.479,0.125
USER_935,0.164,0.319,0.581,0.429,0.108
USER_936,0.569,0.486,0.127,0.256,0.289
USER_937,0.468,0.344,0.457,0.619,0.219
USER_938,0.228,0.247,0.399,0.684,0.13
USER_939,0.194,0.503,0.605,0.47,0.115
USER_940,0.2,0.807,0.133,0.39,0.131
USER_941,0.488,0.25,0.177,0.667,0.209
USER_942,0.25,0.696,0.082,0.823,0.14
USER_943,0.157,0.537,0.286,0.428,0.105
USER_944,0.466,0.768,0.08,0.502,0.22
USER_945,0.125,0.244,0.203,0.85,0.101
USER_946,0.246,0.467,0.352,0.758,0.144
USER_947,0.524,0.656,0.183,0.315,0.235
USER_948,0.363,0.67,0.071,0.498,0.208
USER_949,0.729,0.595,0.227,0.237,0.313
USER_950,0.272,0.445,0.379,0.781,0.197
USER_951,0.261,0.796,0.172,0.747,0.142
USER_952,0.226,0.532,0.263,0.345,0.148
USER_953,0.417,0.666,0.166,0.681,0.181
USER_954,0.31,0.723,0.536,0.668,0.186
USER_955,0.394,0.522,0.36,0.707,0.174
USER_956,0.156,0.674,0.709,0.638,0.114
USER_957,0.439,0.498,0.499,0.238,0.199
USER_958,0.4,0.658,0.172,0.642,0.199
USER_959,0.324,0.157,0.162,0.497,0.159
USER_960,0.2,0.833,0.777,0.434,0.104
USER_961,0.564,0.23,0.308,0.339,0.242
USER_962,0.445,0.441,0.38,0.706,0.236
USER_963,0.357,0.854,0.558,0.586,0.184
USER_964,0.099,0.338,0.625,0.76,0.059
USER_965,0.334,0.756,0.24,0.341,0.189
USER_966,0.35,0.411,0.231,0.193,0.155
USER_967,0.198,0.34,0.457,0.529,0.134
USER_968,0.212,0.519,0.069,0.516,0.135
USER_969,0.472,0.495,0.3,0.815,0.227
USER_970,0.294,0.458,0.303,0.623,0.19
USER_971,0.153,0.848,0.463,0.287,0.087
USER_972,0.272,0.176,0.28,0.597,0.157
USER_973,0.108,0.476,0.352,0.57,0.113
USER_974,0.265,0.25,0.342,0.735,0.13
USER_975,0.781,0.614,0.168,0.673,0.308
USER_976,0.316,0.287,0.222,0.597,0.155
USER_977,0.386,0.702,0.364,0.499,0.191
USER_978,0.3,0.71,0.662,0.47,0.127
USER_979,0.131,0.368,0.282,0.598,0.107
USER_980,0.294,0.607,0.261,0.666,0.125
USER_981,0.273,0.417,0.405,0.322,0.171
USER_982,0.552,0.171,0.183,0.607,0.253
USER_983,0.211,0.275,0.378,0.554,0.162
USER_984,0.496,0.298,0.338,0.754,0.237
USER_985,0.181,0.501,0.503,0.811,0.107
USER_986,0.378,0.727,0.195,0.178,0.166
USER_987,0.116,0.311,0.267,0.345,0.095
USER_988,0.396,0.638,0.591,0.436,0.188
USER_989,0.184,0.161,0.64,0.4,0.138
USER_990,0.07,0.691,0.154,0.875,0.056
USER_991,0.163,0.418,0.386,0.659,0.148
USER_992,0.367,0.356,0.769,0.514,0.204
USER_993,0.314,0.441,0.629,0.502,0.156
USER_994,0.077,0.537,0.417,0.436,0.113
USER_995,0.366,0.506,0.304,0.354,0.162
USER_996,0.281,0.303,0.339,0.506,0.152
USER_997,0.17,0.508,0.044,0.542,0.084
USER_998,0.207,0.316,0.147,0.469,0.159
USER_999,0.325,0.174,0.52,0.461,0.131
USER_1000,0.275,0.48,0.216,0.821,0.118
